,AZ,,,,,,,,,,,,GA,,,,,,,,,,,,MI,,,,,,,,,,,,NV,,,,,,,,,,,,NC,,,,,,,,,,,,PA,,,,,,,,,,,,WI,,,,,,,,,,,
Label (Grouping),Total,Margin of Error,Percent,Percent Margin of Error,Male,Male Margin of Error,Percent  Male,Percent  Male Margin of Error,Female,Female Margin of Error,Percent Female,Percent Female Margin of Error,Total,Margin of Error,Percent,Percent Margin of Error,Male,Male Margin of Error,Percent  Male,Percent  Male Margin of Error,Female,Female Margin of Error,Percent Female,Percent Female Margin of Error,Total,Margin of Error,Percent,Percent Margin of Error,Male,Male Margin of Error,Percent  Male,Percent  Male Margin of Error,Female,Female Margin of Error,Percent Female,Percent Female Margin of Error,Total,Margin of Error,Percent,Percent Margin of Error,Male,Male Margin of Error,Percent  Male,Percent  Male Margin of Error,Female,Female Margin of Error,Percent Female,Percent Female Margin of Error,Total,Margin of Error,Percent,Percent Margin of Error,Male,Male Margin of Error,Percent  Male,Percent  Male Margin of Error,Female,Female Margin of Error,Percent Female,Percent Female Margin of Error,Total,Margin of Error,Percent,Percent Margin of Error,Male,Male Margin of Error,Percent  Male,Percent  Male Margin of Error,Female,Female Margin of Error,Percent Female,Percent Female Margin of Error,Total,Margin of Error,Percent,Percent Margin of Error,Male,Male Margin of Error,Percent  Male,Percent  Male Margin of Error,Female,Female Margin of Error,Percent Female,Percent Female Margin of Error
Total population,"7,431,344",*****,(X),(X),"3,708,672","±2,905",(X),(X),"3,722,672","±2,905",(X),(X),"11,029,227",*****,(X),(X),"5,378,504","±7,549",(X),(X),"5,650,723","±7,549",(X),(X),"10,037,261",*****,(X),(X),"4,965,517","±4,782",(X),(X),"5,071,744","±4,782",(X),(X),"3,194,176",*****,(X),(X),"1,607,494","±2,547",(X),(X),"1,586,682","±2,547",(X),(X),"10,835,491",*****,(X),(X),"5,312,054","±7,257",(X),(X),"5,523,437","±7,257",(X),(X),"12,961,683",*****,(X),(X),"6,389,335","±4,098",(X),(X),"6,572,348","±4,098",(X),(X),"5,910,955",*****,(X),(X),"2,959,408","±3,694",(X),(X),"2,951,547","±3,694",(X),(X)
    AGE,,,,,,,,,GA+Z1:AI1,,,,,,,,,,,,,,,,,,,,,,,,,,,,,,,,,,,,,,,,,,,,,,,,,,,,,,,,,,,,,,,,,,,,,,,,,,,
        Under 5 years,"391,142","±1,573",5.30%,±0.1,"198,924","±1,851",5.40%,±0.1,"192,218","±1,719",5.20%,±0.1,"621,750","±5,911",5.60%,±0.1,"317,176","±5,070",5.90%,±0.1,"304,574","±4,351",5.40%,±0.1,"529,459","±2,559",5.30%,±0.1,"268,093","±2,715",5.40%,±0.1,"261,366","±2,942",5.20%,±0.1,"171,163","±1,424",5.40%,±0.1,"87,498","±1,440",5.40%,±0.1,"83,665","±1,451",5.30%,±0.1,"594,739","±4,846",5.50%,±0.1,"308,104","±4,812",5.80%,±0.1,"286,635","±4,409",5.20%,±0.1,"663,339","±2,396",5.10%,±0.1,"341,941","±2,629",5.40%,±0.1,"321,398","±2,726",4.90%,±0.1,"307,874","±2,354",5.20%,±0.1,"157,705","±2,156",5.30%,±0.1,"150,169","±2,321",5.10%,±0.1
        5 to 9 years,"435,723","±9,679",5.90%,±0.1,"225,378","±6,806",6.10%,±0.2,"210,345","±7,142",5.70%,±0.2,"688,835","±12,020",6.20%,±0.1,"351,495","±8,932",6.50%,±0.2,"337,340","±8,396",6.00%,±0.1,"581,280","±9,619",5.80%,±0.1,"298,488","±6,405",6.00%,±0.1,"282,792","±6,587",5.60%,±0.1,"190,758","±5,732",6.00%,±0.2,"93,419","±4,286",5.80%,±0.3,"97,339","±5,289",6.10%,±0.3,"641,236","±11,476",5.90%,±0.1,"332,857","±8,152",6.30%,±0.2,"308,379","±9,228",5.60%,±0.2,"706,358","±9,893",5.40%,±0.1,"362,192","±8,394",5.70%,±0.1,"344,166","±6,886",5.20%,±0.1,"347,068","±7,744",5.90%,±0.1,"179,416","±5,173",6.10%,±0.2,"167,652","±5,317",5.70%,±0.2
        10 to 14 years,"454,506","±9,617",6.10%,±0.1,"230,042","±6,609",6.20%,±0.2,"224,464","±7,422",6.00%,±0.2,"746,320","±11,638",6.80%,±0.1,"383,224","±9,199",7.10%,±0.2,"363,096","±8,961",6.40%,±0.2,"611,729","±9,655",6.10%,±0.1,"313,054","±6,656",6.30%,±0.1,"298,675","±6,616",5.90%,±0.1,"196,263","±5,798",6.10%,±0.2,"104,521","±4,204",6.50%,±0.3,"91,742","±5,017",5.80%,±0.3,"658,597","±11,832",6.10%,±0.1,"341,630","±9,233",6.40%,±0.2,"316,967","±8,652",5.70%,±0.2,"774,701","±10,446",6.00%,±0.1,"395,236","±8,305",6.20%,±0.1,"379,465","±7,137",5.80%,±0.1,"354,836","±7,599",6.00%,±0.1,"181,008","±4,862",6.10%,±0.2,"173,828","±5,429",5.90%,±0.2
        15 to 19 years,"501,122","±4,275",6.70%,±0.1,"258,363","±3,075",7.00%,±0.1,"242,759","±2,672",6.50%,±0.1,"779,849","±8,409",7.10%,±0.1,"401,967","±7,078",7.50%,±0.1,"377,882","±6,282",6.70%,±0.1,"647,022","±4,641",6.40%,±0.1,"331,860","±3,845",6.70%,±0.1,"315,162","±3,856",6.20%,±0.1,"199,389","±3,213",6.20%,±0.1,"104,460","±2,546",6.50%,±0.2,"94,929","±1,855",6.00%,±0.1,"729,451","±8,128",6.70%,±0.1,"378,596","±6,084",7.10%,±0.1,"350,855","±7,187",6.40%,±0.1,"847,344","±4,858",6.50%,±0.1,"428,178","±4,100",6.70%,±0.1,"419,166","±4,084",6.40%,±0.1,"389,433","±4,690",6.60%,±0.1,"200,383","±3,725",6.80%,±0.1,"189,050","±2,950",6.40%,±0.1
        20 to 24 years,"498,597","±3,903",6.70%,±0.1,"258,218","±2,496",7.00%,±0.1,"240,379","±2,483",6.50%,±0.1,"744,354","±9,197",6.70%,±0.1,"379,919","±6,786",7.10%,±0.1,"364,435","±5,690",6.40%,±0.1,"659,915","±5,185",6.60%,±0.1,"333,941","±3,010",6.70%,±0.1,"325,974","±4,002",6.40%,±0.1,"183,350","±2,455",5.70%,±0.1,"93,717","±1,528",5.80%,±0.1,"89,633","±1,756",5.60%,±0.1,"723,916","±7,549",6.70%,±0.1,"375,914","±6,000",7.10%,±0.1,"348,002","±5,502",6.30%,±0.1,"798,935","±5,183",6.20%,±0.1,"407,613","±3,793",6.40%,±0.1,"391,322","±3,468",6.00%,±0.1,"395,528","±4,119",6.70%,±0.1,"200,952","±2,998",6.80%,±0.1,"194,576","±2,622",6.60%,±0.1
        25 to 29 years,"506,283","±2,593",6.80%,±0.1,"261,367","±1,873",7.00%,±0.1,"244,916","±1,523",6.60%,±0.1,"735,418","±7,511",6.70%,±0.1,"367,559","±5,434",6.80%,±0.1,"367,859","±5,375",6.50%,±0.1,"633,703","±3,553",6.30%,±0.1,"324,985","±2,895",6.50%,±0.1,"308,718","±2,141",6.10%,±0.1,"215,003","±2,382",6.70%,±0.1,"110,239","±1,761",6.90%,±0.1,"104,764","±1,349",6.60%,±0.1,"700,558","±7,769",6.50%,±0.1,"350,478","±5,809",6.60%,±0.1,"350,080","±4,536",6.30%,±0.1,"785,892","±3,495",6.10%,±0.1,"399,551","±2,690",6.30%,±0.1,"386,341","±2,224",5.90%,±0.1,"364,729","±3,411",6.20%,±0.1,"188,222","±2,442",6.40%,±0.1,"176,507","±2,247",6.00%,±0.1
        30 to 34 years,"520,705","±2,616",7.00%,±0.1,"271,047","±2,047",7.30%,±0.1,"249,658","±1,651",6.70%,±0.1,"781,199","±8,090",7.10%,±0.1,"382,001","±4,574",7.10%,±0.1,"399,198","±5,892",7.10%,±0.1,"680,649","±3,841",6.80%,±0.1,"346,366","±2,595",7.00%,±0.1,"334,283","±2,603",6.60%,±0.1,"240,589","±2,695",7.50%,±0.1,"122,403","±1,608",7.60%,±0.1,"118,186","±1,717",7.40%,±0.1,"743,213","±8,388",6.90%,±0.1,"367,590","±5,677",6.90%,±0.1,"375,623","±4,404",6.80%,±0.1,"865,513","±3,855",6.70%,±0.1,"438,912","±2,965",6.90%,±0.1,"426,601","±2,713",6.50%,±0.1,"376,995","±4,065",6.40%,±0.1,"191,798","±2,598",6.50%,±0.1,"185,197","±2,618",6.30%,±0.1
        35 to 39 years,"475,102","±12,649",6.40%,±0.2,"245,022","±8,047",6.60%,±0.2,"230,080","±7,091",6.20%,±0.2,"739,394","±14,801",6.70%,±0.1,"360,989","±8,709",6.70%,±0.2,"378,405","±10,085",6.70%,±0.2,"617,475","±10,446",6.20%,±0.1,"308,290","±6,830",6.20%,±0.1,"309,185","±6,895",6.10%,±0.1,"226,041","±8,005",7.10%,±0.3,"114,131","±5,087",7.10%,±0.3,"111,910","±4,514",7.10%,±0.3,"702,717","±14,368",6.50%,±0.1,"345,834","±8,884",6.50%,±0.2,"356,883","±9,840",6.50%,±0.2,"860,853","±12,605",6.60%,±0.1,"434,490","±9,104",6.80%,±0.1,"426,363","±7,369",6.50%,±0.1,"379,586","±6,977",6.40%,±0.1,"193,661","±5,035",6.50%,±0.2,"185,925","±4,216",6.30%,±0.1
        40 to 44 years,"467,226","±12,283",6.30%,±0.2,"236,596","±8,107",6.40%,±0.2,"230,630","±6,931",6.20%,±0.2,"747,522","±13,158",6.80%,±0.1,"354,385","±8,527",6.60%,±0.2,"393,137","±8,960",7.00%,±0.2,"611,978","±10,704",6.10%,±0.1,"306,223","±6,929",6.20%,±0.1,"305,755","±7,434",6.00%,±0.1,"220,694","±7,600",6.90%,±0.2,"114,595","±4,942",7.10%,±0.3,"106,099","±4,626",6.70%,±0.3,"702,189","±15,178",6.50%,±0.1,"339,442","±8,837",6.40%,±0.2,"362,747","±10,403",6.60%,±0.2,"799,306","±11,807",6.20%,±0.1,"401,043","±9,133",6.30%,±0.1,"398,263","±7,458",6.10%,±0.1,"371,818","±7,436",6.30%,±0.1,"185,872","±4,759",6.30%,±0.2,"185,946","±4,871",6.30%,±0.2
        45 to 49 years,"424,460","±2,938",5.70%,±0.1,"212,790","±1,957",5.70%,±0.1,"211,670","±1,964",5.70%,±0.1,"683,951","±7,024",6.20%,±0.1,"330,763","±4,573",6.10%,±0.1,"353,188","±5,100",6.30%,±0.1,"567,058","±3,032",5.60%,±0.1,"281,746","±2,278",5.70%,±0.1,"285,312","±2,215",5.60%,±0.1,"195,940","±2,092",6.10%,±0.1,"98,923","±1,449",6.20%,±0.1,"97,017","±1,364",6.10%,±0.1,"652,884","±7,397",6.00%,±0.1,"316,123","±4,237",6.00%,±0.1,"336,761","±4,859",6.10%,±0.1,"726,879","±4,482",5.60%,±0.1,"365,805","±3,123",5.70%,±0.1,"361,074","±3,097",5.50%,±0.1,"333,758","±2,865",5.60%,±0.1,"170,751","±1,643",5.80%,±0.1,"163,007","±2,171",5.50%,±0.1
        50 to 54 years,"438,405","±2,654",5.90%,±0.1,"218,268","±1,947",5.90%,±0.1,"220,137","±1,338",5.90%,±0.1,"722,758","±6,869",6.60%,±0.1,"353,385","±5,018",6.60%,±0.1,"369,373","±3,821",6.50%,±0.1,"627,278","±2,838",6.20%,±0.1,"312,435","±1,878",6.30%,±0.1,"314,843","±2,139",6.20%,±0.1,"205,130","±2,169",6.40%,±0.1,"103,754","±1,453",6.50%,±0.1,"101,376","±1,250",6.40%,±0.1,"700,335","±5,834",6.50%,±0.1,"345,824","±3,733",6.50%,±0.1,"354,511","±3,773",6.40%,±0.1,"797,213","±3,822",6.20%,±0.1,"396,730","±2,780",6.20%,±0.1,"400,483","±2,473",6.10%,±0.1,"354,763","±2,628",6.00%,±0.1,"180,329","±1,765",6.10%,±0.1,"174,434","±1,758",5.90%,±0.1
        55 to 59 years,"412,511","±9,767",5.60%,±0.1,"200,473","±5,934",5.40%,±0.2,"212,038","±6,384",5.70%,±0.2,"667,422","±11,270",6.10%,±0.1,"322,848","±6,946",6.00%,±0.1,"344,574","±7,954",6.10%,±0.1,"640,195","±8,014",6.40%,±0.1,"319,486","±6,678",6.40%,±0.1,"320,709","±6,058",6.30%,±0.1,"192,508","±4,744",6.00%,±0.1,"95,754","±3,616",6.00%,±0.2,"96,754","±3,359",6.10%,±0.2,"675,234","±12,286",6.20%,±0.1,"326,532","±8,458",6.10%,±0.2,"348,702","±7,286",6.30%,±0.1,"835,881","±11,882",6.40%,±0.1,"409,113","±8,552",6.40%,±0.1,"426,768","±6,636",6.50%,±0.1,"381,987","±6,196",6.50%,±0.1,"192,344","±4,090",6.50%,±0.1,"189,643","±4,268",6.40%,±0.1
        60 to 64 years,"467,831","±9,747",6.30%,±0.1,"228,408","±6,030",6.20%,±0.2,"239,423","±6,406",6.40%,±0.2,"671,205","±11,405",6.10%,±0.1,"323,404","±6,946",6.00%,±0.1,"347,801","±7,649",6.20%,±0.1,"697,295","±8,446",6.90%,±0.1,"338,291","±6,937",6.80%,±0.1,"359,004","±5,802",7.10%,±0.1,"202,489","±4,728",6.30%,±0.1,"102,126","±3,664",6.40%,±0.2,"100,363","±3,404",6.30%,±0.2,"695,066","±11,619",6.40%,±0.1,"334,195","±7,901",6.30%,±0.2,"360,871","±7,373",6.50%,±0.1,"901,515","±11,928",7.00%,±0.1,"443,782","±8,643",6.90%,±0.1,"457,733","±6,697",7.00%,±0.1,"419,185","±5,766",7.10%,±0.1,"206,300","±4,212",7.00%,±0.1,"212,885","±3,788",7.20%,±0.1
        65 to 69 years,"423,759","±7,227",5.70%,±0.1,"201,481","±4,223",5.40%,±0.1,"222,278","±5,017",6.00%,±0.1,"564,304","±9,540",5.10%,±0.1,"265,836","±5,279",4.90%,±0.1,"298,468","±7,637",5.30%,±0.1,"637,646","±8,136",6.40%,±0.1,"304,325","±4,684",6.10%,±0.1,"333,321","±5,897",6.60%,±0.1,"177,646","±5,737",5.60%,±0.2,"83,139","±3,482",5.20%,±0.2,"94,507","±3,791",6.00%,±0.2,"624,894","±9,762",5.80%,±0.1,"294,778","±7,000",5.50%,±0.1,"330,116","±6,440",6.00%,±0.1,"823,450","±10,138",6.40%,±0.1,"394,965","±6,714",6.20%,±0.1,"428,485","±6,341",6.50%,±0.1,"378,204","±6,475",6.40%,±0.1,"184,685","±3,801",6.20%,±0.1,"193,519","±4,281",6.60%,±0.1
        70 to 74 years,"384,473","±7,768",5.20%,±0.1,"175,346","±4,451",4.70%,±0.1,"209,127","±5,318",5.60%,±0.1,"466,760","±9,314",4.20%,±0.1,"207,419","±5,499",3.90%,±0.1,"259,341","±6,913",4.60%,±0.1,"522,354","±8,231",5.20%,±0.1,"247,461","±4,911",5.00%,±0.1,"274,893","±5,598",5.40%,±0.1,"154,772","±5,327",4.80%,±0.2,"75,757","±3,159",4.70%,±0.2,"79,015","±3,762",5.00%,±0.2,"516,826","±9,240",4.80%,±0.1,"230,252","±6,489",4.30%,±0.1,"286,574","±6,088",5.20%,±0.1,"687,134","±9,658",5.30%,±0.1,"321,492","±6,334",5.00%,±0.1,"365,642","±6,348",5.60%,±0.1,"306,481","±6,489",5.20%,±0.1,"150,246","±3,751",5.10%,±0.1,"156,235","±4,435",5.30%,±0.2
        75 to 79 years,"305,244","±6,290",4.10%,±0.1,"149,214","±4,258",4.00%,±0.1,"156,030","±4,058",4.20%,±0.1,"335,485","±7,337",3.00%,±0.1,"145,934","±4,547",2.70%,±0.1,"189,551","±5,327",3.40%,±0.1,"350,815","±7,002",3.50%,±0.1,"164,775","±4,030",3.30%,±0.1,"186,040","±4,697",3.70%,±0.1,"112,201","±4,531",3.50%,±0.1,"54,323","±2,826",3.40%,±0.2,"57,878","±3,143",3.60%,±0.2,"375,002","±8,302",3.50%,±0.1,"168,194","±4,783",3.20%,±0.1,"206,808","±5,930",3.70%,±0.1,"481,963","±7,672",3.70%,±0.1,"215,378","±4,775",3.40%,±0.1,"266,585","±5,294",4.10%,±0.1,"200,957","±5,076",3.40%,±0.1,"93,216","±2,785",3.10%,±0.1,"107,741","±3,378",3.70%,±0.1
        80 to 84 years,"185,157","±6,945",2.50%,±0.1,"83,251","±3,866",2.20%,±0.1,"101,906","±4,704",2.70%,±0.1,"186,379","±6,037",1.70%,±0.1,"79,515","±3,876",1.50%,±0.1,"106,864","±4,213",1.90%,±0.1,"226,160","±6,198",2.30%,±0.1,"93,732","±3,108",1.90%,±0.1,"132,428","±4,920",2.60%,±0.1,"66,710","±3,889",2.10%,±0.1,"30,685","±2,635",1.90%,±0.2,"36,025","±2,644",2.30%,±0.2,"220,658","±6,896",2.00%,±0.1,"93,593","±4,565",1.80%,±0.1,"127,065","±4,741",2.30%,±0.1,"307,085","±7,315",2.40%,±0.1,"128,246","±4,680",2.00%,±0.1,"178,839","±4,819",2.70%,±0.1,"130,416","±3,913",2.20%,±0.1,"56,707","±2,462",1.90%,±0.1,"73,709","±3,066",2.50%,±0.1
        85 years and over,"139,098","±5,869",1.90%,±0.1,"54,484","±3,096",1.50%,±0.1,"84,614","±4,462",2.30%,±0.1,"146,322","±5,569",1.30%,±0.1,"50,685","±3,218",0.90%,±0.1,"95,637","±4,347",1.70%,±0.1,"195,250","±6,011",1.90%,±0.1,"71,966","±3,469",1.40%,±0.1,"123,284","±3,978",2.40%,±0.1,"43,530","±3,409",1.40%,±0.1,"18,050","±2,061",1.10%,±0.1,"25,480","±2,693",1.60%,±0.2,"177,976","±6,658",1.60%,±0.1,"62,118","±3,318",1.20%,±0.1,"115,858","±4,955",2.10%,±0.1,"298,322","±7,776",2.30%,±0.1,"104,668","±4,374",1.60%,±0.1,"193,654","±6,064",2.90%,±0.1,"117,337","±4,991",2.00%,±0.1,"45,813","±2,875",1.50%,±0.1,"71,524","±3,275",2.40%,±0.1
    SELECTED AGE CATEGORIES,,,,,,,,,,,,,,,,,,,,,,,,,,,,,,,,,,,,,,,,,,,,,,,,,,,,,,,,,,,,,,,,,,,,,,,,,,,,,,,,,,,,
        18 to 24 years,"701,011","±2,509",9.40%,±0.1,"361,955","±2,027",9.80%,±0.1,"339,056","±1,476",9.10%,±0.1,"1,046,760","±9,596",9.50%,±0.1,"535,734","±6,310",10.00%,±0.1,"511,026","±5,686",9.00%,±0.1,"918,934","±4,861",9.20%,±0.1,"467,201","±2,967",9.40%,±0.1,"451,733","±3,203",8.90%,±0.1,"256,407","±2,757",8.00%,±0.1,"133,043","±2,093",8.30%,±0.1,"123,364","±1,574",7.80%,±0.1,"1,025,440","±7,809",9.50%,±0.1,"530,862","±5,875",10.00%,±0.1,"494,578","±5,124",9.00%,±0.1,"1,166,048","±4,449",9.00%,±0.1,"588,480","±3,301",9.20%,±0.1,"577,568","±2,731",8.80%,±0.1,"550,661","±4,144",9.30%,±0.1,"279,072","±2,654",9.40%,±0.1,"271,589","±2,698",9.20%,±0.1
        15 to 44 years,"2,969,035","±4,025",40.00%,±0.1,"1,530,613","±3,314",41.30%,±0.1,"1,438,422","±2,794",38.60%,±0.1,"4,527,736","±11,645",41.10%,±0.1,"2,246,820","±8,455",41.80%,±0.1,"2,280,916","±7,354",40.40%,±0.1,"3,850,742","±4,159",38.40%,±0.1,"1,951,665","±3,358",39.30%,±0.1,"1,899,077","±4,127",37.40%,±0.1,"1,285,066","±3,203",40.20%,±0.1,"659,545","±2,236",41.00%,±0.1,"625,521","±2,191",39.40%,±0.1,"4,302,044","±10,512",39.70%,±0.1,"2,157,854","±7,369",40.60%,±0.1,"2,144,190","±7,703",38.80%,±0.1,"4,957,843","±5,688",38.20%,±0.1,"2,509,787","±4,337",39.30%,±0.1,"2,448,056","±4,953",37.20%,±0.1,"2,278,089","±4,676",38.50%,±0.1,"1,160,888","±3,735",39.20%,±0.1,"1,117,201","±3,884",37.90%,±0.1
        16 years and over,"6,049,109","±5,095",81.40%,±0.1,"3,002,680","±4,730",81.00%,±0.1,"3,046,429","±4,137",81.80%,±0.1,"8,818,867","±7,395",80.00%,±0.1,"4,248,453","±7,005",79.00%,±0.1,"4,570,414","±6,323",80.90%,±0.1,"8,186,295","±5,916",81.60%,±0.1,"4,023,816","±4,586",81.00%,±0.1,"4,162,479","±5,036",82.10%,±0.1,"2,594,279","±3,364",81.20%,±0.1,"1,300,220","±2,994",80.90%,±0.2,"1,294,059","±2,882",81.60%,±0.2,"8,792,430","±7,482",81.10%,±0.1,"4,251,335","±6,035",80.00%,±0.1,"4,541,095","±5,868",82.20%,±0.1,"10,658,635","±5,710",82.20%,±0.1,"5,208,362","±4,720",81.50%,±0.1,"5,450,273","±4,830",82.90%,±0.1,"4,822,901","±4,233",81.60%,±0.1,"2,401,731","±4,009",81.20%,±0.1,"2,421,170","±3,651",82.00%,±0.1
        18 years and over,"5,851,265",±967,78.70%,±0.1,"2,899,702","±1,575",78.20%,±0.1,"2,951,563","±1,340",79.30%,±0.1,"8,494,879","±2,976",77.00%,±0.1,"4,080,457","±4,499",75.90%,±0.1,"4,414,422","±3,582",78.10%,±0.1,"7,926,790","±1,672",79.00%,±0.1,"3,887,282","±2,778",78.30%,±0.1,"4,039,508","±2,792",79.60%,±0.1,"2,509,660",±802,78.60%,±0.1,"1,256,922","±1,563",78.20%,±0.1,"1,252,738","±1,650",79.00%,±0.1,"8,512,992","±3,065",78.60%,±0.1,"4,105,815","±4,494",77.30%,±0.1,"4,407,177","±3,832",79.80%,±0.1,"10,337,054","±1,375",79.80%,±0.1,"5,042,655","±2,288",78.90%,±0.1,"5,294,399","±2,386",80.60%,±0.1,"4,666,877","±1,928",79.00%,±0.1,"2,319,016","±2,817",78.40%,±0.1,"2,347,861","±2,630",79.50%,±0.1
        21 years and over,"5,553,078","±6,602",74.70%,±0.1,"2,744,892","±5,345",74.00%,±0.1,"2,808,186","±4,894",75.40%,±0.1,"8,037,936","±10,558",72.90%,±0.1,"3,844,649","±7,084",71.50%,±0.2,"4,193,287","±7,537",74.20%,±0.1,"7,538,746","±7,934",75.10%,±0.1,"3,687,954","±6,518",74.30%,±0.2,"3,850,792","±5,501",75.90%,±0.1,"2,404,607","±4,107",75.30%,±0.1,"1,201,051","±3,276",74.70%,±0.2,"1,203,556","±3,030",75.90%,±0.2,"8,057,665","±10,598",74.40%,±0.1,"3,874,452","±8,737",72.90%,±0.2,"4,183,213","±6,568",75.70%,±0.1,"9,803,793","±7,932",75.60%,±0.1,"4,776,603","±5,218",74.80%,±0.1,"5,027,190","±5,939",76.50%,±0.1,"4,432,759","±7,223",75.00%,±0.1,"2,199,076","±4,679",74.30%,±0.2,"2,233,683","±5,257",75.70%,±0.2
        60 years and over,"1,905,562","±9,845",25.60%,±0.1,"892,184","±6,124",24.10%,±0.2,"1,013,378","±6,195",27.20%,±0.2,"2,370,455","±12,709",21.50%,±0.1,"1,072,793","±7,388",19.90%,±0.1,"1,297,662","±8,543",23.00%,±0.2,"2,629,520","±7,939",26.20%,±0.1,"1,220,550","±7,135",24.60%,±0.1,"1,408,970","±6,077",27.80%,±0.1,"757,348","±4,644",23.70%,±0.1,"364,080","±3,839",22.60%,±0.2,"393,268","±3,607",24.80%,±0.2,"2,610,422","±11,974",24.10%,±0.1,"1,183,130","±8,090",22.30%,±0.2,"1,427,292","±7,241",25.80%,±0.1,"3,499,469","±12,007",27.00%,±0.1,"1,608,531","±8,822",25.20%,±0.1,"1,890,938","±6,722",28.80%,±0.1,"1,552,580","±6,304",26.30%,±0.1,"736,967","±4,466",24.90%,±0.1,"815,613","±4,151",27.60%,±0.1
        62 years and over,"1,713,108","±8,083",23.10%,±0.1,"797,676","±5,207",21.50%,±0.1,"915,432","±5,827",24.60%,±0.2,"2,098,607","±10,686",19.00%,±0.1,"940,159","±6,298",17.50%,±0.1,"1,158,448","±8,543",20.50%,±0.2,"2,352,480","±7,702",23.40%,±0.1,"1,087,330","±5,800",21.90%,±0.1,"1,265,150","±6,271",24.90%,±0.1,"677,990","±5,132",21.20%,±0.2,"322,772","±4,003",20.10%,±0.2,"355,218","±3,147",22.40%,±0.2,"2,324,497","±10,633",21.50%,±0.1,"1,043,874","±7,284",19.70%,±0.1,"1,280,623","±6,765",23.20%,±0.1,"3,143,340","±11,472",24.30%,±0.1,"1,432,906","±8,172",22.40%,±0.1,"1,710,434","±6,923",26.00%,±0.1,"1,383,652","±6,467",23.40%,±0.1,"653,018","±4,630",22.10%,±0.1,"730,634","±4,592",24.80%,±0.2
        65 years and over,"1,437,731","±1,997",19.30%,±0.1,"663,776","±1,174",17.90%,±0.1,"773,955","±1,606",20.80%,±0.1,"1,699,250","±4,960",15.40%,±0.1,"749,389","±3,189",13.90%,±0.1,"949,861","±3,122",16.80%,±0.1,"1,932,225","±2,433",19.30%,±0.1,"882,259","±1,679",17.80%,±0.1,"1,049,966","±1,751",20.70%,±0.1,"554,859","±1,915",17.40%,±0.1,"261,954","±1,427",16.30%,±0.1,"292,905","±1,212",18.50%,±0.1,"1,915,356","±4,381",17.70%,±0.1,"848,935","±3,458",16.00%,±0.1,"1,066,421","±3,107",19.30%,±0.1,"2,597,954","±2,676",20.00%,±0.1,"1,164,749","±1,617",18.20%,±0.1,"1,433,205","±1,907",21.80%,±0.1,"1,133,395","±2,918",19.20%,±0.1,"530,667","±2,176",17.90%,±0.1,"602,728","±1,682",20.40%,±0.1
        75 years and over,"629,499","±2,078",8.50%,±0.1,"286,949","±1,271",7.70%,±0.1,"342,550","±1,336",9.20%,±0.1,"668,186","±3,445",6.10%,±0.1,"276,134","±2,658",5.10%,±0.1,"392,052","±2,957",6.90%,±0.1,"772,225","±2,638",7.70%,±0.1,"330,473","±1,785",6.70%,±0.1,"441,752","±1,579",8.70%,±0.1,"222,441","±1,077",7.00%,±0.1,"103,058",±796,6.40%,±0.1,"119,383",±757,7.50%,±0.1,"773,636","±3,821",7.10%,±0.1,"323,905","±2,828",6.10%,±0.1,"449,731","±2,574",8.10%,±0.1,"1,087,370","±2,880",8.40%,±0.1,"448,292","±1,890",7.00%,±0.1,"639,078","±1,953",9.70%,±0.1,"448,710","±1,874",7.60%,±0.1,"195,736","±1,248",6.60%,±0.1,"252,974","±1,272",8.60%,±0.1
    SUMMARY INDICATORS,,,,,,,,,,,,,,,,,,,,,,,,,,,,,,,,,,,,,,,,,,,,,,,,,,,,,,,,,,,,,,,,,,,,,,,,,,,,,,,,,,,,
        Median age (years),39.3,±0.2,(X),(X),38,±0.2,(X),(X),40.6,±0.2,(X),(X),37.9,±0.2,(X),(X),36.4,±0.2,(X),(X),39.1,±0.2,(X),(X),40.5,±0.2,(X),(X),39.3,±0.2,(X),(X),41.6,±0.2,(X),(X),39.4,±0.2,(X),(X),38.9,±0.2,(X),(X),40.1,±0.3,(X),(X),39.4,±0.2,(X),(X),37.8,±0.1,(X),(X),41,±0.2,(X),(X),41.1,±0.1,(X),(X),39.8,±0.2,(X),(X),42.4,±0.1,(X),(X),40.5,±0.1,(X),(X),39.6,±0.2,(X),(X),41.4,±0.2,(X),(X)
        Sex ratio (males per 100 females),99.6,±0.2,(X),(X),(X),(X),(X),(X),(X),(X),(X),(X),95.2,±0.3,(X),(X),(X),(X),(X),(X),(X),(X),(X),(X),97.9,±0.2,(X),(X),(X),(X),(X),(X),(X),(X),(X),(X),101.3,±0.3,(X),(X),(X),(X),(X),(X),(X),(X),(X),(X),96.2,±0.3,(X),(X),(X),(X),(X),(X),(X),(X),(X),(X),97.2,±0.1,(X),(X),(X),(X),(X),(X),(X),(X),(X),(X),100.3,±0.3,(X),(X),(X),(X),(X),(X),(X),(X),(X),(X)
        Age dependency ratio,68.4,±0.1,(X),(X),(X),(X),(X),(X),(X),(X),(X),(X),62.3,±0.1,(X),(X),(X),(X),(X),(X),(X),(X),(X),(X),67.4,±0.1,(X),(X),(X),(X),(X),(X),(X),(X),(X),(X),63.4,±0.2,(X),(X),(X),(X),(X),(X),(X),(X),(X),(X),64.2,±0.1,(X),(X),(X),(X),(X),(X),(X),(X),(X),(X),67.5,±0.1,(X),(X),(X),(X),(X),(X),(X),(X),(X),(X),67.3,±0.2,(X),(X),(X),(X),(X),(X),(X),(X),(X),(X)
        Old-age dependency ratio,32.6,±0.1,(X),(X),(X),(X),(X),(X),(X),(X),(X),(X),25,±0.1,(X),(X),(X),(X),(X),(X),(X),(X),(X),(X),32.2,±0.1,(X),(X),(X),(X),(X),(X),(X),(X),(X),(X),28.4,±0.1,(X),(X),(X),(X),(X),(X),(X),(X),(X),(X),29,±0.1,(X),(X),(X),(X),(X),(X),(X),(X),(X),(X),33.6,±0.1,(X),(X),(X),(X),(X),(X),(X),(X),(X),(X),32.1,±0.1,(X),(X),(X),(X),(X),(X),(X),(X),(X),(X)
        Child dependency ratio,35.8,±0.1,(X),(X),(X),(X),(X),(X),(X),(X),(X),(X),37.3,±0.1,(X),(X),(X),(X),(X),(X),(X),(X),(X),(X),35.2,±0.1,(X),(X),(X),(X),(X),(X),(X),(X),(X),(X),35,±0.1,(X),(X),(X),(X),(X),(X),(X),(X),(X),(X),35.2,±0.1,(X),(X),(X),(X),(X),(X),(X),(X),(X),(X),33.9,±0.1,(X),(X),(X),(X),(X),(X),(X),(X),(X),(X),35.2,±0.1,(X),(X),(X),(X),(X),(X),(X),(X),(X),(X)
    PERCENT ALLOCATED,,,,,,,,,,,,,,,,,,,,,,,,,,,,,,,,,,,,,,,,,,,,,,,,,,,,,,,,,,,,,,,,,,,,,,,,,,,,,,,,,,,,
        Sex,(X),(X),0.10%,(X),(X),(X),(X),(X),(X),(X),(X),(X),(X),(X),0.00%,(X),(X),(X),(X),(X),(X),(X),(X),(X),(X),(X),0.10%,(X),(X),(X),(X),(X),(X),(X),(X),(X),(X),(X),0.00%,(X),(X),(X),(X),(X),(X),(X),(X),(X),(X),(X),0.00%,(X),(X),(X),(X),(X),(X),(X),(X),(X),(X),(X),0.10%,(X),(X),(X),(X),(X),(X),(X),(X),(X),(X),(X),0.10%,(X),(X),(X),(X),(X),(X),(X),(X),(X)
        Age,(X),(X),1.80%,(X),(X),(X),(X),(X),(X),(X),(X),(X),(X),(X),1.70%,(X),(X),(X),(X),(X),(X),(X),(X),(X),(X),(X),1.00%,(X),(X),(X),(X),(X),(X),(X),(X),(X),(X),(X),1.60%,(X),(X),(X),(X),(X),(X),(X),(X),(X),(X),(X),1.50%,(X),(X),(X),(X),(X),(X),(X),(X),(X),(X),(X),1.00%,(X),(X),(X),(X),(X),(X),(X),(X),(X),(X),(X),0.90%,(X),(X),(X),(X),(X),(X),(X),(X),(X)
