,AZ,,,,,,,,,,GA,,,,,,,,,,MI,,,,,,,,,,NV,,,,,,,,,,NC,,,,,,,,,,PA,,,,,,,,,,WI,,,,,,,,,
Label (Grouping),Total,Margin of Error,Native,Native Margin of Error,Foreign-born,Foreign-born Margin of Error,Foreign-born; Naturalized citizen,Foreign-born; Naturalized citizen Margin of Error,Foreign-born; Not a U.S. citizen,Foreign-born; Not a U.S. citizen Margin of Error,Total,Margin of Error,Native,Native Margin of Error,Foreign-born,Foreign-born Margin of Error,Foreign-born; Naturalized citizen,Foreign-born; Naturalized citizen Margin of Error,Foreign-born; Not a U.S. citizen,Foreign-born; Not a U.S. citizen Margin of Error,Total,Margin of Error,Native,Native Margin of Error,Foreign-born,Foreign-born Margin of Error,Foreign-born; Naturalized citizen,Foreign-born; Naturalized citizen Margin of Error,Foreign-born; Not a U.S. citizen,Foreign-born; Not a U.S. citizen Margin of Error,Total,Margin of Error,Native,Native Margin of Error,Foreign-born,Foreign-born Margin of Error,Foreign-born; Naturalized citizen,Foreign-born; Naturalized citizen Margin of Error,Foreign-born; Not a U.S. citizen,Foreign-born; Not a U.S. citizen Margin of Error,Total,Margin of Error,Native,Native Margin of Error,Foreign-born,Foreign-born Margin of Error,Foreign-born; Naturalized citizen,Foreign-born; Naturalized citizen Margin of Error,Foreign-born; Not a U.S. citizen,Foreign-born; Not a U.S. citizen Margin of Error,Total,Margin of Error,Native,Native Margin of Error,Foreign-born,Foreign-born Margin of Error,Foreign-born; Naturalized citizen,Foreign-born; Naturalized citizen Margin of Error,Foreign-born; Not a U.S. citizen,Foreign-born; Not a U.S. citizen Margin of Error,Total,Margin of Error,Native,Native Margin of Error,Foreign-born,Foreign-born Margin of Error,Foreign-born; Naturalized citizen,Foreign-born; Naturalized citizen Margin of Error,Foreign-born; Not a U.S. citizen,Foreign-born; Not a U.S. citizen Margin of Error
Total population,"7,431,344",*****,"6,450,417","±22,875","980,927","±22,875","474,767","±15,504","506,160","±20,955","11,029,227",*****,"9,754,765","±24,182","1,274,462","±24,182","625,449","±15,743","649,013","±20,939","10,037,261",*****,"9,299,709","±19,397","737,552","±19,397","417,635","±13,813","319,917","±14,250","3,194,176",*****,"2,579,397","±14,925","614,779","±14,925","329,511","±11,976","285,268","±11,303","10,835,491",*****,"9,840,364","±22,367","995,127","±22,367","433,357","±14,678","561,770","±18,736","12,961,683",*****,"11,930,363","±23,270","1,031,320","±23,270","567,837","±15,535","463,483","±19,981","5,910,955",*****,"5,603,056","±10,365","307,899","±10,365","146,096","±7,136","161,803","±8,728"
    SEX AND AGE,,,,,,,,,,,,,,,,,,,,,,,,,,,,,,,,,,,,,,,,,,,,,,,,,,,,,,,,,,,,,,,,,,,,,,
        Male,49.90%,±0.1,50.20%,±0.1,47.70%,±0.8,45.30%,±1.2,50.00%,±1.2,48.80%,±0.1,48.70%,±0.1,49.60%,±0.6,47.00%,±0.9,52.00%,±0.9,49.50%,±0.1,49.50%,±0.1,49.70%,±0.7,48.20%,±1.0,51.70%,±1.2,50.30%,±0.1,50.90%,±0.2,48.00%,±0.8,45.60%,±1.2,50.70%,±1.5,49.00%,±0.1,48.90%,±0.1,50.40%,±0.7,48.00%,±1.2,52.20%,±1.1,49.30%,±0.1,49.30%,±0.1,48.70%,±0.7,47.10%,±0.9,50.70%,±1.2,50.10%,±0.1,50.00%,±0.1,51.00%,±1.1,48.50%,±1.8,53.30%,±1.8
        Female,50.10%,±0.1,49.80%,±0.1,52.30%,±0.8,54.70%,±1.2,50.00%,±1.2,51.20%,±0.1,51.30%,±0.1,50.40%,±0.6,53.00%,±0.9,48.00%,±0.9,50.50%,±0.1,50.50%,±0.1,50.30%,±0.7,51.80%,±1.0,48.30%,±1.2,49.70%,±0.1,49.10%,±0.2,52.00%,±0.8,54.40%,±1.2,49.30%,±1.5,51.00%,±0.1,51.10%,±0.1,49.60%,±0.7,52.00%,±1.2,47.80%,±1.1,50.70%,±0.1,50.70%,±0.1,51.30%,±0.7,52.90%,±0.9,49.30%,±1.2,49.90%,±0.1,50.00%,±0.1,49.00%,±1.1,51.50%,±1.8,46.70%,±1.8
        18 to 24 years,9.40%,±0.1,10.00%,±0.1,5.80%,±0.5,3.10%,±0.5,8.40%,±1.0,9.50%,±0.1,9.90%,±0.1,6.10%,±0.4,3.90%,±0.5,8.10%,±0.7,9.20%,±0.1,9.30%,±0.1,7.60%,±0.6,5.20%,±0.7,10.70%,±1.0,8.00%,±0.1,8.90%,±0.2,4.50%,±0.5,2.70%,±0.6,6.50%,±1.0,9.50%,±0.1,9.80%,±0.1,6.40%,±0.5,4.50%,±0.6,7.90%,±0.7,9.00%,±0.1,9.10%,±0.1,7.40%,±0.5,5.00%,±0.6,10.40%,±0.9,9.30%,±0.1,9.40%,±0.1,8.20%,±1.0,7.10%,±1.3,9.10%,±1.4
        25 to 44 years,26.50%,±0.1,25.40%,±0.2,33.60%,±0.9,26.10%,±1.3,40.70%,±1.5,27.20%,±0.1,25.70%,±0.1,39.10%,±0.8,30.80%,±1.2,47.10%,±1.2,25.30%,±0.1,24.60%,±0.1,34.60%,±1.0,28.80%,±1.5,42.20%,±1.5,28.20%,±0.1,27.10%,±0.3,33.00%,±1.1,25.20%,±1.4,42.00%,±1.7,26.30%,±0.1,24.90%,±0.1,39.80%,±0.9,29.90%,±1.4,47.40%,±1.2,25.50%,±0.1,24.50%,±0.1,37.60%,±0.8,30.20%,±1.1,46.70%,±1.5,25.30%,±0.1,24.40%,±0.1,40.50%,±1.5,29.20%,±1.9,50.70%,±2.7
        45 to 54 years,11.60%,±0.1,10.20%,±0.1,20.80%,±0.7,20.70%,±1.0,20.90%,±1.2,12.80%,±0.1,11.70%,±0.1,20.70%,±0.7,22.50%,±1.0,19.00%,±1.0,11.90%,±0.1,11.40%,±0.1,17.80%,±0.7,18.40%,±1.1,17.10%,±1.2,12.60%,±0.1,10.30%,±0.2,21.90%,±0.8,20.80%,±1.1,23.10%,±1.7,12.50%,±0.1,11.60%,±0.1,20.80%,±0.6,22.70%,±1.2,19.40%,±1.0,11.80%,±0.1,11.30%,±0.1,17.50%,±0.6,20.00%,±0.9,14.30%,±1.1,11.60%,±0.1,11.30%,±0.1,18.80%,±1.1,21.40%,±2.0,16.50%,±1.3
        55 to 64 years,11.80%,±0.1,11.20%,±0.1,15.90%,±0.7,20.30%,±1.1,11.70%,±1.0,12.10%,±0.1,11.80%,±0.1,14.40%,±0.5,20.40%,±0.9,8.60%,±0.6,13.30%,±0.1,13.20%,±0.1,14.60%,±0.6,18.50%,±0.9,9.50%,±0.8,12.40%,±0.1,11.10%,±0.1,17.70%,±0.6,21.60%,±1.2,13.10%,±1.0,12.60%,±0.1,12.60%,±0.1,13.10%,±0.6,19.40%,±1.2,8.40%,±0.7,13.40%,±0.1,13.40%,±0.1,14.00%,±0.6,18.10%,±1.0,9.00%,±1.0,13.60%,±0.1,13.60%,±0.1,13.20%,±0.9,17.00%,±1.6,9.80%,±1.3
        65 to 74 years,10.90%,±0.1,10.80%,±0.1,11.50%,±0.5,15.80%,±0.9,7.50%,±0.8,9.30%,±0.1,9.60%,±0.1,7.80%,±0.4,11.50%,±0.7,4.20%,±0.4,11.60%,±0.1,11.70%,±0.1,10.10%,±0.5,13.70%,±0.8,5.40%,±0.7,10.40%,±0.1,10.20%,±0.1,11.20%,±0.5,16.00%,±0.9,5.70%,±0.7,10.50%,±0.1,10.90%,±0.1,7.20%,±0.4,12.10%,±0.9,3.40%,±0.4,11.70%,±0.1,11.90%,±0.1,8.90%,±0.4,12.30%,±0.6,4.80%,±0.6,11.60%,±0.1,11.80%,±0.1,7.70%,±0.7,12.40%,±1.2,3.40%,±0.9
        75 to 84 years,6.60%,±0.1,6.70%,±0.1,5.70%,±0.5,9.00%,±0.8,2.60%,±0.5,4.70%,±0.1,4.90%,±0.1,3.60%,±0.3,5.60%,±0.5,1.60%,±0.2,5.70%,±0.1,5.80%,±0.1,5.30%,±0.4,7.70%,±0.6,2.20%,±0.3,5.60%,±0.1,5.50%,±0.1,6.00%,±0.4,9.40%,±0.7,2.20%,±0.5,5.50%,±0.1,5.70%,±0.1,3.50%,±0.3,6.40%,±0.7,1.30%,±0.3,6.10%,±0.1,6.20%,±0.1,5.20%,±0.3,7.70%,±0.5,2.00%,±0.4,5.60%,±0.1,5.70%,±0.1,3.40%,±0.4,5.50%,±0.8,1.50%,±0.5
        85 years and over,1.90%,±0.1,1.90%,±0.1,1.60%,±0.2,2.90%,±0.4,0.50%,±0.1,1.30%,±0.1,1.40%,±0.1,1.00%,±0.1,1.60%,±0.2,0.40%,±0.1,1.90%,±0.1,1.90%,±0.1,2.20%,±0.3,3.30%,±0.5,0.70%,±0.2,1.40%,±0.1,1.30%,±0.1,1.80%,±0.3,2.80%,±0.6,0.80%,±0.3,1.60%,±0.1,1.70%,±0.1,1.00%,±0.2,1.70%,±0.3,0.40%,±0.2,2.30%,±0.1,2.30%,±0.1,1.80%,±0.2,2.70%,±0.4,0.60%,±0.2,2.00%,±0.1,2.00%,±0.1,1.70%,±0.4,2.90%,±0.8,0.60%,±0.3
        Median age (years),39.3,±0.2,36.9,±0.2,47.4,±0.5,54,±0.7,42.3,±0.8,37.9,±0.2,36.2,±0.2,43.9,±0.4,50.3,±0.5,39.1,±0.5,40.5,±0.2,39.9,±0.1,45,±0.6,51.6,±0.7,37.5,±0.8,39.4,±0.2,35.9,±0.3,49,±0.5,54.9,±0.6,42.8,±1.0,39.4,±0.2,38.7,±0.2,43.3,±0.5,50.3,±0.6,38.3,±0.5,41.1,±0.1,40.7,±0.2,43.8,±0.5,50.5,±0.6,37,±0.6,40.5,±0.1,40.3,±0.1,42.7,±0.7,49.1,±1.0,38.1,±0.9
    RACE AND HISPANIC OR LATINO ORIGIN,,,,,,,,,,,,,,,,,,,,,,,,,,,,,,,,,,,,,,,,,,,,,,,,,,,,,,,,,,,,,,,,,,,,,,
        One race,80.10%,±0.4,82.30%,±0.4,65.70%,±1.2,72.60%,±1.4,59.30%,±2.1,91.20%,±0.3,92.50%,±0.2,81.50%,±0.9,85.80%,±0.9,77.30%,±1.6,92.80%,±0.2,93.20%,±0.2,88.40%,±0.9,92.30%,±0.8,83.30%,±1.7,83.60%,±0.6,83.80%,±0.7,82.40%,±1.4,83.90%,±1.6,80.60%,±2.1,91.70%,±0.3,92.60%,±0.2,81.80%,±1.0,85.60%,±1.0,79.00%,±1.6,92.60%,±0.2,93.10%,±0.2,86.80%,±0.9,88.70%,±1.0,84.40%,±1.4,92.40%,±0.3,93.20%,±0.2,78.60%,±1.8,85.80%,±1.7,72.10%,±2.8
            White,58.30%,±0.3,63.90%,±0.4,21.40%,±1.1,28.00%,±1.6,15.20%,±1.5,50.30%,±0.2,54.90%,±0.2,14.90%,±0.8,18.20%,±1.1,11.70%,±1.1,73.80%,±0.1,76.20%,±0.2,42.70%,±1.3,52.80%,±1.6,29.50%,±2.3,49.80%,±0.5,57.70%,±0.5,16.80%,±1.2,19.20%,±1.5,14.00%,±1.5,61.40%,±0.1,65.70%,±0.2,18.80%,±0.9,25.70%,±1.4,13.60%,±1.3,74.00%,±0.1,78.20%,±0.2,25.40%,±1.2,29.20%,±1.3,20.70%,±1.9,79.90%,±0.2,83.10%,±0.2,22.20%,±1.4,28.60%,±1.9,16.30%,±1.7
            Black or African American,4.80%,±0.2,4.80%,±0.2,5.10%,±1.0,6.30%,±1.0,4.10%,±1.5,30.80%,±0.2,32.40%,±0.2,18.40%,±0.9,26.00%,±1.3,11.00%,±1.2,13.20%,±0.1,13.70%,±0.2,6.30%,±0.9,5.20%,±0.9,7.80%,±1.5,9.40%,±0.3,10.70%,±0.4,3.80%,±0.6,4.90%,±0.8,2.50%,±0.7,20.10%,±0.2,21.10%,±0.2,10.60%,±1.0,16.00%,±1.8,6.50%,±1.1,10.60%,±0.1,10.30%,±0.2,13.10%,±0.9,14.60%,±1.0,11.20%,±1.4,5.90%,±0.1,5.90%,±0.1,6.70%,±1.3,6.70%,±1.8,6.70%,±1.9
            American Indian and Alaska Native,4.00%,±0.1,4.40%,±0.1,1.40%,±0.3,1.10%,±0.3,1.70%,±0.4,0.50%,±0.1,0.30%,±0.1,1.50%,±0.3,0.40%,±0.1,2.60%,±0.6,0.50%,±0.1,0.50%,±0.1,0.60%,±0.2,0.20%,±0.1,1.00%,±0.4,1.40%,±0.2,1.30%,±0.2,1.50%,±0.4,1.20%,±0.5,1.80%,±0.6,1.00%,±0.1,1.10%,±0.1,0.90%,±0.3,0.40%,±0.2,1.40%,±0.4,0.20%,±0.1,0.20%,±0.1,0.90%,±0.3,0.60%,±0.2,1.40%,±0.5,0.80%,±0.1,0.80%,±0.1,1.30%,±0.6,1.20%,±0.6,1.50%,±0.8
            Asian,3.60%,±0.1,1.50%,±0.1,17.60%,±0.8,21.30%,±1.2,14.20%,±1.2,4.50%,±0.1,1.60%,±0.1,27.10%,±0.6,31.80%,±1.2,22.70%,±1.2,3.40%,±0.1,1.20%,±0.1,31.60%,±0.9,30.30%,±1.4,33.20%,±1.8,9.10%,±0.2,4.30%,±0.3,29.60%,±1.2,40.50%,±1.6,17.00%,±1.8,3.30%,±0.1,1.20%,±0.1,24.00%,±0.7,30.30%,±1.2,19.10%,±1.2,3.90%,±0.1,1.40%,±0.1,32.40%,±0.9,34.60%,±1.3,29.70%,±1.6,3.00%,±0.1,1.50%,±0.1,31.00%,±1.3,39.00%,±2.0,23.80%,±2.3
            Native Hawaiian and Other Pacific Islander,0.20%,±0.1,0.20%,±0.1,0.30%,±0.1,0.20%,±0.1,0.30%,±0.2,0.10%,±0.1,0.10%,±0.1,0.20%,±0.1,0.10%,±0.1,0.30%,±0.3,0.00%,±0.1,0.00%,±0.1,0.00%,±0.1,0.00%,±0.1,0.10%,±0.1,0.80%,±0.1,0.80%,±0.1,0.50%,±0.2,0.30%,±0.2,0.70%,±0.4,0.00%,±0.1,0.00%,±0.1,0.10%,±0.1,0.10%,±0.1,0.10%,±0.1,0.00%,±0.1,0.00%,±0.1,0.00%,±0.1,0.00%,±0.1,0.00%,±0.1,0.00%,±0.1,0.00%,±0.1,0.00%,±0.1,0.00%,±0.1,0.10%,±0.1
            Some other race,9.20%,±0.4,7.60%,±0.3,19.90%,±1.1,15.70%,±1.2,23.80%,±1.9,5.00%,±0.2,3.10%,±0.2,19.40%,±0.9,9.40%,±0.8,29.10%,±1.5,1.90%,±0.1,1.50%,±0.1,7.20%,±0.8,3.80%,±0.6,11.70%,±1.5,13.10%,±0.6,9.00%,±0.5,30.30%,±1.6,17.90%,±1.8,44.70%,±2.8,5.70%,±0.2,3.50%,±0.2,27.40%,±1.1,13.10%,±1.4,38.40%,±1.7,3.90%,±0.2,3.00%,±0.2,15.00%,±1.1,9.70%,±1.2,21.50%,±2.0,2.70%,±0.2,1.90%,±0.1,17.40%,±1.9,10.30%,±2.3,23.70%,±2.4
        Two or more races,19.90%,±0.4,17.70%,±0.4,34.30%,±1.2,27.40%,±1.4,40.70%,±2.1,8.80%,±0.3,7.50%,±0.2,18.50%,±0.9,14.20%,±0.9,22.70%,±1.6,7.20%,±0.2,6.80%,±0.2,11.60%,±0.9,7.70%,±0.8,16.70%,±1.7,16.40%,±0.6,16.20%,±0.7,17.60%,±1.4,16.10%,±1.6,19.40%,±2.1,8.30%,±0.3,7.40%,±0.2,18.20%,±1.0,14.40%,±1.0,21.00%,±1.6,7.40%,±0.2,6.90%,±0.2,13.20%,±0.9,11.30%,±1.0,15.60%,±1.4,7.60%,±0.3,6.80%,±0.2,21.40%,±1.8,14.20%,±1.7,27.90%,±2.8
        Hispanic or Latino origin (of any race),31.60%,*****,27.40%,±0.2,58.80%,±1.2,47.10%,±1.5,69.80%,±2.0,11.10%,±0.1,7.40%,±0.1,39.20%,±0.8,22.70%,±1.1,55.10%,±1.4,6.00%,±0.1,5.00%,±0.1,18.20%,±0.9,10.30%,±0.9,28.40%,±1.9,29.90%,*****,24.50%,±0.3,52.90%,±1.3,37.70%,±1.5,70.50%,±2.2,11.40%,±0.1,7.80%,±0.1,47.40%,±1.1,27.80%,±1.5,62.60%,±1.6,8.90%,±0.1,7.30%,±0.1,27.70%,±1.1,20.10%,±1.3,37.00%,±2.2,8.10%,±0.1,6.30%,±0.1,39.90%,±1.5,25.90%,±2.5,52.70%,±2.3
"        White alone, not Hispanic or Latino",52.30%,±0.1,57.70%,±0.2,16.30%,±1.0,22.90%,±1.5,10.10%,±1.2,48.70%,±0.1,53.50%,±0.2,11.50%,±0.6,15.60%,±1.1,7.50%,±0.8,72.30%,±0.1,74.80%,±0.2,41.00%,±1.3,51.50%,±1.7,27.30%,±2.2,44.40%,±0.2,52.20%,±0.3,11.60%,±0.9,14.50%,±1.2,8.20%,±1.2,59.80%,±0.1,64.30%,±0.2,15.20%,±0.8,22.40%,±1.3,9.70%,±1.0,72.70%,±0.1,77.00%,±0.1,23.60%,±1.2,27.80%,±1.3,18.40%,±1.8,78.40%,±0.1,81.60%,±0.2,19.60%,±1.2,26.20%,±1.8,13.60%,±1.5
    HOUSEHOLD TYPE,,,,,,,,,,,,,,,,,,,,,,,,,,,,,,,,,,,,,,,,,,,,,,,,,,,,,,,,,,,,,,,,,,,,,,
        In married-couple family,57.50%,±0.6,56.60%,±0.7,63.10%,±1.4,66.00%,±1.7,60.40%,±2.2,56.90%,±0.5,55.70%,±0.5,65.60%,±1.1,68.00%,±1.6,63.30%,±1.6,58.00%,±0.5,57.00%,±0.5,70.60%,±1.2,72.80%,±1.4,67.70%,±2.2,54.30%,±1.1,53.40%,±1.1,58.00%,±2.0,61.20%,±2.2,54.30%,±2.8,58.30%,±0.4,57.50%,±0.4,66.60%,±1.4,71.10%,±1.7,63.10%,±2.0,57.30%,±0.4,56.80%,±0.4,63.00%,±1.3,66.90%,±1.5,58.30%,±2.1,59.00%,±0.5,58.70%,±0.5,63.40%,±2.4,68.50%,±2.6,58.70%,±3.4
        In other households,40.30%,±0.6,41.00%,±0.7,35.90%,±1.4,33.10%,±1.7,38.40%,±2.2,40.80%,±0.5,41.80%,±0.5,33.20%,±1.1,31.20%,±1.6,35.20%,±1.6,39.90%,±0.5,40.80%,±0.5,27.80%,±1.2,26.40%,±1.4,29.70%,±2.1,44.60%,±1.1,45.30%,±1.1,41.40%,±2.0,38.40%,±2.2,44.80%,±2.8,39.10%,±0.4,39.80%,±0.4,32.00%,±1.4,27.80%,±1.6,35.30%,±2.0,39.40%,±0.4,39.80%,±0.4,34.80%,±1.3,32.00%,±1.5,38.30%,±2.1,38.70%,±0.5,38.90%,±0.5,34.90%,±2.4,30.20%,±2.6,39.10%,±3.4
    Average  household size,2.5,±0.01,2.4,±0.01,3.08,±0.04,2.9,±0.07,3.3,±0.08,2.6,±0.01,2.5,±0.01,3.21,±0.04,3.05,±0.06,3.42,±0.08,2.39,±0.01,2.35,±0.01,2.92,±0.05,2.92,±0.07,2.93,±0.10,2.58,±0.01,2.42,±0.02,3.14,±0.07,2.95,±0.08,3.43,±0.12,2.4,±0.01,2.32,±0.01,3.13,±0.05,2.88,±0.07,3.39,±0.09,2.35,±0.01,2.31,±0.01,2.85,±0.05,2.81,±0.06,2.92,±0.08,2.31,±0.01,2.28,±0.01,2.97,±0.09,2.86,±0.13,3.08,±0.11
    Average family size,3.09,±0.02,2.99,±0.02,3.52,±0.05,3.37,±0.08,3.7,±0.10,3.21,±0.02,3.12,±0.02,3.67,±0.05,3.58,±0.07,3.79,±0.09,3.01,±0.02,2.96,±0.02,3.5,±0.06,3.47,±0.08,3.55,±0.12,3.22,±0.03,3.09,±0.03,3.59,±0.08,3.42,±0.10,3.85,±0.14,2.98,±0.02,2.9,±0.02,3.55,±0.06,3.3,±0.08,3.8,±0.11,2.96,±0.01,2.92,±0.01,3.33,±0.05,3.28,±0.07,3.41,±0.09,2.94,±0.02,2.9,±0.02,3.57,±0.10,3.45,±0.15,3.7,±0.12
MARITAL STATUS,,,,,,,,,,,,,,,,,,,,,,,,,,,,,,,,,,,,,,,,,,,,,,,,,,,,,,,,,,,,,,,,,,,,,,
    Population 15  years and over,"6,149,973","±1,730","5,205,035","±20,180","944,938","±19,989","468,408","±14,453","476,530","±17,826","8,972,322","±5,125","7,765,862","±20,963","1,206,460","±20,886","613,002","±15,420","593,458","±17,139","8,314,793","±2,713","7,618,963","±18,251","695,830","±18,112","407,803","±13,167","288,027","±12,375","2,635,992","±2,020","2,040,044","±14,093","595,948","±14,117","325,350","±11,403","270,598","±10,520","8,940,919","±5,738","8,007,688","±18,874","933,231","±18,945","424,737","±14,150","508,494","±15,769","10,817,285","±3,028","9,844,771","±20,931","972,514","±20,628","553,412","±14,741","419,102","±16,565","4,901,177","±2,750","4,606,806","±9,762","294,371","±9,321","142,901","±7,097","151,470","±7,419"
        Never married,34.30%,±0.4,36.60%,±0.4,21.20%,±0.9,15.40%,±1.3,26.90%,±1.5,35.30%,±0.3,37.10%,±0.3,23.40%,±0.8,17.60%,±1.1,29.50%,±1.3,34.20%,±0.3,35.30%,±0.3,21.90%,±0.9,17.10%,±1.2,28.70%,±1.3,35.60%,±0.5,39.40%,±0.6,22.60%,±1.1,16.40%,±1.3,30.00%,±2.1,32.60%,±0.3,33.70%,±0.3,23.50%,±1.0,15.20%,±1.1,30.50%,±1.5,34.60%,±0.3,35.60%,±0.3,24.50%,±0.9,18.80%,±1.0,32.00%,±1.8,33.80%,±0.3,34.20%,±0.3,26.70%,±1.7,21.10%,±1.9,31.90%,±2.7
"        Now married, except separated",47.70%,±0.5,45.20%,±0.6,61.60%,±1.1,64.40%,±1.6,58.90%,±1.9,46.70%,±0.4,44.30%,±0.4,62.20%,±0.9,64.80%,±1.5,59.50%,±1.3,48.10%,±0.4,46.50%,±0.4,65.50%,±1.0,68.10%,±1.3,61.80%,±1.6,44.60%,±0.7,41.10%,±0.8,56.70%,±1.5,58.60%,±2.0,54.50%,±2.1,49.30%,±0.4,47.60%,±0.4,63.40%,±1.1,67.70%,±1.4,59.80%,±1.7,47.80%,±0.3,46.60%,±0.3,59.90%,±1.1,62.90%,±1.3,55.90%,±1.9,49.70%,±0.4,49.10%,±0.5,59.30%,±2.0,61.90%,±2.3,56.90%,±2.7
        Divorced or separated,12.60%,±0.3,12.70%,±0.3,12.10%,±0.7,13.20%,±1.0,11.00%,±1.0,12.80%,±0.2,13.10%,±0.3,10.90%,±0.6,12.90%,±0.9,8.90%,±0.7,12.00%,±0.2,12.40%,±0.2,7.60%,±0.6,8.20%,±0.8,6.70%,±1.0,14.80%,±0.5,14.50%,±0.5,15.60%,±1.0,18.30%,±1.6,12.40%,±1.3,12.30%,±0.2,12.60%,±0.2,9.70%,±0.7,12.20%,±1.0,7.60%,±0.8,11.20%,±0.2,11.20%,±0.2,11.00%,±0.6,12.50%,±0.8,9.00%,±1.0,11.30%,±0.2,11.40%,±0.3,9.80%,±1.0,11.40%,±1.4,8.40%,±1.3
        Widowed,5.40%,±0.2,5.40%,±0.2,5.00%,±0.4,7.00%,±0.7,3.20%,±0.4,5.10%,±0.1,5.40%,±0.1,3.50%,±0.2,4.70%,±0.5,2.20%,±0.3,5.60%,±0.1,5.70%,±0.1,5.10%,±0.4,6.60%,±0.7,2.90%,±0.5,5.00%,±0.2,5.00%,±0.2,5.00%,±0.5,6.60%,±0.8,3.10%,±0.7,5.80%,±0.1,6.10%,±0.1,3.40%,±0.3,4.90%,±0.6,2.10%,±0.3,6.40%,±0.1,6.50%,±0.1,4.60%,±0.4,5.80%,±0.5,3.10%,±0.5,5.20%,±0.2,5.30%,±0.2,4.20%,±0.6,5.60%,±0.9,2.80%,±0.8
SCHOOL ENROLLMENT,,,,,,,,,,,,,,,,,,,,,,,,,,,,,,,,,,,,,,,,,,,,,,,,,,,,,,,,,,,,,,,,,,,,,,
    Population 3 years and over enrolled in school,"1,738,316","±14,654","1,639,760","±15,506","98,556","±7,406","35,570","±5,058","62,986","±6,882","2,765,792","±20,414","2,598,071","±21,928","167,721","±11,639","62,533","±6,566","105,188","±9,528","2,292,853","±15,375","2,177,993","±15,700","114,860","±7,518","43,768","±4,580","71,092","±6,175","707,027","±8,790","657,574","±9,638","49,453","±4,833","21,079","±3,047","28,374","±3,893","2,537,953","±16,952","2,403,454","±16,930","134,499","±9,441","38,212","±4,698","96,287","±7,560","2,882,066","±16,421","2,729,336","±17,513","152,730","±8,108","60,381","±5,465","92,349","±8,150","1,339,010","±11,380","1,293,077","±12,335","45,933","±4,373","18,607","±2,751","27,326","±3,837"
"        Nursery school, preschool",4.80%,±0.3,5.00%,±0.3,1.00%,±0.6,0.30%,±0.5,1.40%,±1.0,5.90%,±0.2,6.10%,±0.2,2.40%,±0.8,1.20%,±0.8,3.00%,±1.2,5.90%,±0.2,6.10%,±0.2,2.10%,±0.7,0.70%,±0.5,3.00%,±1.2,4.70%,±0.5,5.00%,±0.5,1.10%,±1.1,0.00%,±1.0,2.00%,±1.8,5.50%,±0.3,5.70%,±0.3,1.40%,±0.7,0.50%,±0.5,1.80%,±1.0,6.20%,±0.2,6.50%,±0.3,1.20%,±0.5,0.40%,±0.5,1.70%,±0.7,5.60%,±0.3,5.70%,±0.3,0.50%,±0.4,0.50%,±0.6,0.50%,±0.6
        Elementary school (grades K-8),45.50%,±0.5,46.80%,±0.5,24.30%,±3.0,12.70%,±4.0,30.90%,±3.9,46.60%,±0.4,47.60%,±0.4,31.40%,±2.5,16.90%,±3.6,40.00%,±3.4,46.30%,±0.4,47.20%,±0.4,28.10%,±2.8,19.70%,±3.8,33.30%,±3.7,47.80%,±0.9,49.20%,±1.0,29.00%,±5.2,15.00%,±5.3,39.40%,±7.1,45.50%,±0.4,46.10%,±0.5,35.10%,±3.1,17.90%,±4.7,41.80%,±3.4,44.90%,±0.3,45.90%,±0.4,28.50%,±2.6,19.30%,±3.8,34.60%,±3.9,47.30%,±0.5,48.20%,±0.5,21.60%,±4.1,13.30%,±4.0,27.30%,±6.0
        High school (grades 9-12),23.30%,±0.5,23.50%,±0.5,19.00%,±2.4,20.50%,±4.6,18.20%,±3.6,23.20%,±0.4,23.30%,±0.4,22.00%,±2.3,21.50%,±3.5,22.30%,±3.0,22.40%,±0.3,22.50%,±0.3,19.90%,±2.1,24.80%,±3.4,16.90%,±2.8,24.40%,±0.7,24.70%,±0.7,19.40%,±4.2,13.50%,±4.4,23.80%,±5.6,21.80%,±0.4,21.90%,±0.4,18.30%,±2.2,18.30%,±3.7,18.30%,±2.9,22.00%,±0.3,22.10%,±0.3,19.40%,±1.9,17.40%,±3.2,20.70%,±2.5,22.50%,±0.4,22.50%,±0.4,21.80%,±4.0,30.50%,±6.7,15.90%,±4.4
        College or graduate school,26.40%,±0.6,24.70%,±0.5,55.60%,±3.8,66.50%,±6.8,49.50%,±5.2,24.40%,±0.5,23.10%,±0.5,44.20%,±3.2,60.40%,±4.5,34.60%,±3.4,25.40%,±0.4,24.10%,±0.4,49.80%,±3.1,54.80%,±4.4,46.70%,±4.4,23.10%,±0.8,21.10%,±0.8,50.50%,±4.6,71.50%,±6.7,34.80%,±4.9,27.20%,±0.4,26.20%,±0.4,45.20%,±3.3,63.30%,±6.1,38.00%,±3.6,26.90%,±0.4,25.50%,±0.4,50.90%,±2.8,62.90%,±4.7,43.00%,±3.4,24.70%,±0.5,23.60%,±0.5,56.10%,±5.6,55.70%,±8.1,56.40%,±7.6
EDUCATIONAL ATTAINMENT,,,,,,,,,,,,,,,,,,,,,,,,,,,,,,,,,,,,,,,,,,,,,,,,,,,,,,,,,,,,,,,,,,,,,,
    Population 25 years and over,"5,150,254","±2,687","4,275,675","±18,853","874,579","±18,951","449,752","±13,660","424,827","±16,156","7,448,119","±9,816","6,344,619","±19,620","1,103,500","±17,869","578,414","±14,193","525,086","±14,521","7,007,856","±5,142","6,384,082","±16,649","623,774","±16,013","377,433","±11,680","246,341","±10,996","2,253,253","±2,963","1,690,320","±13,917","562,933","±13,168","315,260","±10,841","247,673","±9,447","7,487,552","±8,436","6,637,323","±18,042","850,229","±16,225","399,586","±13,231","450,643","±14,266","9,171,006","±4,403","8,294,913","±18,778","876,093","±18,808","517,548","±14,338","358,545","±14,481","4,116,216","±4,682","3,853,497","±8,838","262,719","±7,891","129,184","±6,052","133,535","±6,094"
        Less than high school graduate,10.60%,±0.3,7.00%,±0.2,28.20%,±1.0,19.90%,±1.2,36.90%,±1.7,10.70%,±0.2,8.50%,±0.2,23.10%,±0.9,13.00%,±0.9,34.30%,±1.6,8.00%,±0.2,6.70%,±0.2,20.50%,±1.1,18.10%,±1.4,24.30%,±1.7,12.30%,±0.4,7.10%,±0.4,27.80%,±1.4,19.40%,±1.5,38.40%,±2.4,9.40%,±0.2,7.50%,±0.2,24.70%,±0.9,12.20%,±1.1,35.80%,±1.3,7.80%,±0.2,6.70%,±0.2,18.70%,±0.9,14.30%,±1.1,25.10%,±1.7,6.30%,±0.2,5.20%,±0.2,23.60%,±1.6,16.40%,±1.7,30.60%,±2.8
        High school graduate (includes equivalency),23.40%,±0.4,23.30%,±0.4,23.50%,±1.0,22.00%,±1.4,25.10%,±1.5,26.30%,±0.3,27.20%,±0.4,20.70%,±0.7,19.40%,±1.2,22.20%,±1.0,27.70%,±0.3,28.60%,±0.3,18.60%,±1.0,18.90%,±1.2,18.20%,±1.6,26.80%,±0.6,27.10%,±0.7,26.20%,±1.6,24.00%,±1.8,29.10%,±2.5,24.50%,±0.3,25.00%,±0.3,20.30%,±0.9,18.60%,±1.3,21.80%,±1.3,33.10%,±0.3,34.20%,±0.3,22.60%,±1.0,21.70%,±1.4,23.80%,±1.7,29.50%,±0.4,29.90%,±0.4,23.60%,±1.7,23.80%,±2.4,23.40%,±2.1
        Some college or associate's degree,32.50%,±0.4,35.20%,±0.5,19.40%,±0.9,24.30%,±1.3,14.30%,±1.1,27.70%,±0.3,29.40%,±0.4,17.60%,±0.7,22.30%,±1.2,12.50%,±0.9,31.60%,±0.3,33.00%,±0.4,17.60%,±0.9,20.30%,±1.2,13.40%,±1.3,32.20%,±0.6,35.60%,±0.7,21.90%,±1.1,26.20%,±1.6,16.40%,±1.7,29.30%,±0.4,30.80%,±0.4,18.10%,±1.0,23.90%,±1.4,13.00%,±1.0,23.80%,±0.2,24.50%,±0.3,17.00%,±0.7,20.00%,±0.9,12.80%,±1.2,30.40%,±0.4,31.40%,±0.4,17.00%,±1.1,20.40%,±1.7,13.70%,±1.6
        Bachelor's degree,20.40%,±0.3,21.20%,±0.3,16.80%,±1.0,19.60%,±1.4,13.80%,±1.3,21.30%,±0.3,21.40%,±0.3,20.80%,±0.7,24.20%,±1.1,17.10%,±1.1,19.90%,±0.3,19.80%,±0.3,21.00%,±0.9,20.70%,±1.2,21.50%,±1.6,18.70%,±0.5,19.70%,±0.6,15.80%,±0.9,19.70%,±1.3,10.70%,±1.3,23.00%,±0.3,23.40%,±0.3,19.10%,±0.9,24.20%,±1.4,14.60%,±1.1,21.00%,±0.2,20.90%,±0.3,21.50%,±0.9,24.10%,±1.2,17.70%,±1.4,22.20%,±0.3,22.50%,±0.3,18.50%,±1.4,20.30%,±1.9,16.70%,±2.2
        Graduate or professional degree,13.10%,±0.3,13.30%,±0.3,12.20%,±0.7,14.30%,±1.0,10.00%,±1.0,14.10%,±0.2,13.50%,±0.3,17.70%,±0.7,21.20%,±1.1,13.90%,±1.1,12.80%,±0.2,11.80%,±0.2,22.30%,±1.0,22.10%,±1.2,22.60%,±1.5,10.00%,±0.3,10.60%,±0.4,8.30%,±0.8,10.60%,±1.1,5.40%,±1.0,13.80%,±0.3,13.30%,±0.3,17.80%,±0.8,21.00%,±1.3,14.80%,±0.9,14.40%,±0.2,13.80%,±0.2,20.20%,±0.9,20.00%,±1.0,20.60%,±1.5,11.50%,±0.3,11.10%,±0.3,17.30%,±1.4,19.00%,±1.9,15.60%,±2.1
LANGUAGE SPOKEN AT HOME AND ABILITY TO SPEAK ENGLISH,,,,,,,,,,,,,,,,,,,,,,,,,,,,,,,,,,,,,,,,,,,,,,,,,,,,,,,,,,,,,,,,,,,,,,
    Population 5 years and over,"7,040,202","±1,573","6,065,354","±22,216","974,848","±22,114","474,220","±15,511","500,628","±20,364","10,407,477","±5,911","9,141,299","±24,818","1,266,178","±23,660","624,368","±15,675","641,810","±20,326","9,507,802","±2,559","8,776,227","±19,864","731,575","±19,042","416,895","±13,719","314,680","±13,860","3,023,013","±1,424","2,410,938","±14,964","612,075","±14,931","328,609","±11,830","283,466","±11,328","10,240,752","±4,846","9,255,560","±22,563","985,192","±21,644","432,805","±14,650","552,387","±18,148","12,298,344","±2,396","11,273,570","±22,666","1,024,774","±22,929","566,730","±15,406","458,044","±19,616","5,603,081","±2,354","5,297,721","±10,199","305,360","±10,034","145,790","±7,112","159,570","±8,306"
        English only,74.10%,±0.4,83.20%,±0.3,17.40%,±0.8,21.70%,±1.1,13.30%,±1.4,84.30%,±0.3,93.10%,±0.2,20.90%,±0.9,28.70%,±1.3,13.20%,±1.2,89.50%,±0.2,95.40%,±0.1,19.00%,±0.9,22.00%,±1.3,15.10%,±1.3,70.00%,±0.6,84.10%,±0.5,14.70%,±1.1,17.40%,±1.4,11.60%,±1.4,86.20%,±0.3,93.40%,±0.2,18.50%,±1.0,26.90%,±1.6,11.80%,±1.1,87.00%,±0.2,93.10%,±0.2,19.70%,±0.8,24.40%,±1.2,13.90%,±1.3,90.70%,±0.2,94.70%,±0.2,21.90%,±1.7,28.10%,±2.0,16.30%,±2.7
        Language other than English,25.90%,±0.4,16.80%,±0.3,82.60%,±0.8,78.30%,±1.1,86.70%,±1.4,15.70%,±0.3,6.90%,±0.2,79.10%,±0.9,71.30%,±1.3,86.80%,±1.2,10.50%,±0.2,4.60%,±0.1,81.00%,±0.9,78.00%,±1.3,84.90%,±1.3,30.00%,±0.6,15.90%,±0.5,85.30%,±1.1,82.60%,±1.4,88.40%,±1.4,13.80%,±0.3,6.60%,±0.2,81.50%,±1.0,73.10%,±1.6,88.20%,±1.1,13.00%,±0.2,6.90%,±0.2,80.30%,±0.8,75.60%,±1.2,86.10%,±1.3,9.30%,±0.2,5.30%,±0.2,78.10%,±1.7,71.90%,±2.0,83.70%,±2.7
"            Speak English less than ""very well""",8.10%,±0.3,2.40%,±0.2,43.60%,±1.1,33.40%,±1.4,53.30%,±1.9,6.00%,±0.2,1.10%,±0.1,41.30%,±1.1,27.90%,±1.3,54.30%,±1.4,3.90%,±0.1,0.80%,±0.1,40.50%,±1.4,35.10%,±1.6,47.60%,±2.2,11.70%,±0.4,2.40%,±0.2,48.50%,±1.4,36.80%,±1.6,62.00%,±2.0,5.30%,±0.2,1.10%,±0.1,43.90%,±1.3,27.10%,±1.6,57.20%,±1.4,5.20%,±0.1,1.70%,±0.1,43.10%,±1.2,35.00%,±1.3,53.10%,±1.9,3.20%,±0.1,1.00%,±0.1,41.20%,±1.9,31.40%,±2.2,50.10%,±2.8
EMPLOYMENT STATUS,,,,,,,,,,,,,,,,,,,,,,,,,,,,,,,,,,,,,,,,,,,,,,,,,,,,,,,,,,,,,,,,,,,,,,
    Population 16 years and over,"6,049,109","±5,095","5,108,235","±20,304","940,874","±19,519","468,006","±14,420","472,868","±17,342","8,818,867","±7,395","7,618,933","±21,690","1,199,934","±20,595","610,744","±15,305","589,190","±16,807","8,186,295","±5,916","7,494,798","±18,039","691,497","±18,115","405,652","±13,055","285,845","±12,418","2,594,279","±3,364","2,000,024","±14,487","594,255","±13,990","325,151","±11,395","269,104","±10,432","8,792,430","±7,482","7,866,111","±19,159","926,319","±18,595","422,714","±14,204","503,605","±15,618","10,658,635","±5,710","9,693,557","±20,780","965,078","±20,528","551,469","±14,769","413,609","±16,512","4,822,901","±4,233","4,530,128","±10,134","292,773","±9,310","142,298","±7,082","150,475","±7,374"
        In labor force,60.70%,±0.3,60.40%,±0.4,62.40%,±1.0,61.80%,±1.2,63.10%,±1.5,64.10%,±0.3,62.90%,±0.3,71.70%,±0.6,71.30%,±1.0,72.10%,±1.0,61.70%,±0.2,61.60%,±0.2,63.10%,±0.9,61.30%,±1.2,65.70%,±1.6,63.50%,±0.5,62.90%,±0.6,65.50%,±1.1,62.70%,±1.5,68.90%,±1.9,63.20%,±0.3,62.20%,±0.3,71.50%,±0.9,70.30%,±1.3,72.50%,±1.2,62.80%,±0.2,62.20%,±0.2,68.70%,±0.8,67.50%,±1.1,70.30%,±1.4,65.20%,±0.3,64.90%,±0.3,70.90%,±1.4,68.60%,±2.1,73.10%,±2.2
            Civilian labor force,60.30%,±0.3,60.00%,±0.4,62.30%,±1.0,61.60%,±1.2,63.00%,±1.5,63.40%,±0.3,62.20%,±0.3,71.40%,±0.7,70.80%,±1.0,72.00%,±1.0,61.70%,±0.2,61.50%,±0.2,63.10%,±0.9,61.20%,±1.2,65.70%,±1.6,62.90%,±0.5,62.10%,±0.6,65.40%,±1.1,62.50%,±1.5,68.90%,±1.9,62.00%,±0.3,61.00%,±0.3,70.70%,±0.9,68.90%,±1.3,72.20%,±1.2,62.70%,±0.2,62.10%,±0.2,68.70%,±0.8,67.50%,±1.1,70.30%,±1.4,65.20%,±0.3,64.80%,±0.3,70.90%,±1.4,68.60%,±2.1,73.10%,±2.2
                Employed,57.80%,±0.4,57.30%,±0.4,60.20%,±1.0,59.80%,±1.3,60.60%,±1.5,60.60%,±0.3,59.30%,±0.3,68.80%,±0.7,68.50%,±1.0,69.10%,±1.0,58.90%,±0.2,58.80%,±0.2,60.50%,±0.9,59.30%,±1.2,62.10%,±1.7,60.00%,±0.5,59.20%,±0.6,62.70%,±1.1,60.60%,±1.6,65.20%,±1.8,59.50%,±0.3,58.50%,±0.3,68.30%,±0.9,67.00%,±1.2,69.40%,±1.2,60.00%,±0.3,59.50%,±0.3,65.30%,±0.8,65.00%,±1.1,65.60%,±1.4,63.40%,±0.3,63.00%,±0.3,68.90%,±1.3,67.00%,±2.0,70.80%,±2.3
                Unemployed,2.60%,±0.1,2.70%,±0.1,2.10%,±0.3,1.80%,±0.4,2.40%,±0.6,2.80%,±0.1,2.80%,±0.1,2.60%,±0.3,2.30%,±0.4,2.90%,±0.4,2.80%,±0.1,2.80%,±0.1,2.60%,±0.4,1.90%,±0.4,3.60%,±0.7,2.90%,±0.2,2.90%,±0.2,2.80%,±0.5,2.00%,±0.6,3.70%,±0.9,2.50%,±0.1,2.50%,±0.1,2.40%,±0.3,1.90%,±0.4,2.80%,±0.4,2.70%,±0.1,2.60%,±0.1,3.40%,±0.5,2.50%,±0.4,4.70%,±0.9,1.80%,±0.1,1.80%,±0.1,1.90%,±0.5,1.60%,±0.6,2.30%,±0.7
                    Percent of civilian labor force,4.30%,±0.2,4.40%,±0.2,3.40%,±0.5,2.90%,±0.6,3.80%,±0.9,4.40%,±0.2,4.60%,±0.2,3.60%,±0.4,3.20%,±0.5,4.00%,±0.6,4.50%,±0.2,4.50%,±0.2,4.10%,±0.6,3.10%,±0.7,5.50%,±1.1,4.60%,±0.3,4.70%,±0.3,4.20%,±0.8,3.20%,±1.0,5.30%,±1.2,4.00%,±0.2,4.10%,±0.2,3.40%,±0.5,2.80%,±0.6,3.90%,±0.6,4.20%,±0.2,4.20%,±0.2,5.00%,±0.6,3.70%,±0.5,6.70%,±1.2,2.80%,±0.2,2.80%,±0.2,2.70%,±0.6,2.30%,±0.8,3.10%,±0.9
            Armed Forces,0.40%,±0.1,0.50%,±0.1,0.10%,±0.1,0.20%,±0.1,0.10%,±0.1,0.70%,±0.1,0.70%,±0.1,0.30%,±0.1,0.50%,±0.2,0.00%,±0.1,0.10%,±0.1,0.10%,±0.1,0.00%,±0.1,0.10%,±0.1,0.00%,±0.1,0.60%,±0.1,0.80%,±0.1,0.10%,±0.1,0.20%,±0.1,0.00%,±0.1,1.20%,±0.1,1.30%,±0.1,0.80%,±0.1,1.40%,±0.3,0.30%,±0.1,0.10%,±0.1,0.10%,±0.1,0.00%,±0.1,0.00%,±0.1,0.00%,±0.1,0.10%,±0.1,0.10%,±0.1,0.00%,±0.1,0.00%,±0.1,0.00%,±0.1
        Not in labor force,39.30%,±0.3,39.60%,±0.4,37.60%,±1.0,38.20%,±1.2,36.90%,±1.5,35.90%,±0.3,37.10%,±0.3,28.30%,±0.6,28.70%,±1.0,27.90%,±1.0,38.30%,±0.2,38.40%,±0.2,36.90%,±0.9,38.70%,±1.2,34.30%,±1.6,36.50%,±0.5,37.10%,±0.6,34.50%,±1.1,37.30%,±1.5,31.10%,±1.9,36.80%,±0.3,37.80%,±0.3,28.50%,±0.9,29.70%,±1.3,27.50%,±1.2,37.20%,±0.2,37.80%,±0.2,31.30%,±0.8,32.50%,±1.1,29.70%,±1.4,34.80%,±0.3,35.10%,±0.3,29.10%,±1.4,31.40%,±2.1,26.90%,±2.2
Civilian employed population 16 years and over,"3,493,543","±21,400","2,927,252","±25,871","566,291","±16,138","279,672","±11,251","286,619","±13,265","5,346,554","±26,394","4,520,775","±27,362","825,779","±16,683","418,373","±12,621","407,406","±11,569","4,822,997","±18,892","4,404,741","±19,837","418,256","±11,679","240,732","±9,405","177,524","±8,871","1,556,587","±12,769","1,184,168","±15,436","372,419","±11,258","196,882","±8,675","175,537","±8,400","5,230,146","±24,919","4,597,779","±26,946","632,367","±15,064","283,068","±11,783","349,299","±12,304","6,400,011","±27,320","5,770,169","±31,572","629,842","±16,083","358,494","±12,286","271,348","±12,534","3,056,531","±12,997","2,854,686","±13,532","201,845","±7,928","95,334","±5,745","106,511","±5,534"
    CLASS OF WORKER,,,,,,,,,,,,,,,,,,,,,,,,,,,,,,,,,,,,,,,,,,,,,,,,,,,,,,,,,,,,,,,,,,,,,,
        Private wage and salary workers,79.60%,±0.5,79.60%,±0.5,79.50%,±1.2,79.30%,±1.6,79.80%,±1.9,80.00%,±0.3,79.50%,±0.4,82.80%,±0.9,81.50%,±1.2,84.10%,±1.3,83.30%,±0.3,82.90%,±0.3,87.20%,±1.2,84.90%,±1.5,90.30%,±1.5,82.00%,±0.6,81.40%,±0.8,84.10%,±1.1,80.80%,±2.0,87.80%,±1.5,80.50%,±0.3,80.10%,±0.3,83.80%,±1.0,81.60%,±1.6,85.50%,±1.1,83.70%,±0.3,83.30%,±0.3,87.30%,±0.8,85.90%,±1.1,89.30%,±1.2,82.30%,±0.4,82.20%,±0.4,83.80%,±1.5,82.00%,±1.8,85.50%,±2.2
        Government workers,14.00%,±0.4,14.70%,±0.4,10.50%,±0.8,13.00%,±1.3,8.10%,±1.2,14.00%,±0.3,15.20%,±0.4,7.50%,±0.6,9.90%,±0.9,5.10%,±0.7,11.50%,±0.3,11.90%,±0.3,6.90%,±0.7,8.00%,±1.0,5.60%,±0.9,12.20%,±0.5,13.40%,±0.6,8.20%,±0.8,11.40%,±1.3,4.70%,±1.1,13.60%,±0.3,14.30%,±0.3,8.50%,±0.8,11.60%,±1.3,6.00%,±0.8,11.10%,±0.2,11.70%,±0.2,6.00%,±0.6,7.30%,±0.8,4.30%,±0.6,12.80%,±0.3,12.90%,±0.3,11.00%,±1.1,13.50%,±1.8,8.70%,±1.5
        Self-employed workers in own not incorporated business,6.20%,±0.3,5.50%,±0.3,9.60%,±0.8,7.60%,±1.1,11.60%,±1.3,5.70%,±0.2,5.10%,±0.2,9.30%,±0.6,8.30%,±0.8,10.30%,±1.0,5.10%,±0.2,5.10%,±0.2,5.60%,±0.8,6.80%,±1.1,4.00%,±1.0,5.50%,±0.4,4.90%,±0.4,7.50%,±0.9,7.60%,±1.4,7.40%,±1.2,5.70%,±0.2,5.50%,±0.2,7.50%,±0.7,6.70%,±1.1,8.10%,±1.0,5.00%,±0.2,4.90%,±0.2,6.40%,±0.6,6.60%,±0.8,6.10%,±1.0,4.70%,±0.2,4.70%,±0.2,5.00%,±1.1,4.20%,±1.0,5.70%,±1.8
        Unpaid family workers,0.20%,±0.1,0.20%,±0.1,0.30%,±0.1,0.10%,±0.1,0.50%,±0.3,0.20%,±0.1,0.20%,±0.1,0.40%,±0.1,0.30%,±0.2,0.40%,±0.2,0.20%,±0.1,0.10%,±0.1,0.20%,±0.2,0.30%,±0.3,0.10%,±0.1,0.30%,±0.1,0.30%,±0.1,0.20%,±0.1,0.20%,±0.2,0.20%,±0.1,0.20%,±0.1,0.20%,±0.1,0.20%,±0.1,0.10%,±0.1,0.30%,±0.2,0.20%,±0.1,0.10%,±0.1,0.30%,±0.1,0.20%,±0.1,0.30%,±0.2,0.20%,±0.1,0.20%,±0.1,0.20%,±0.1,0.30%,±0.3,0.10%,±0.1
    OCCUPATION,,,,,,,,,,,,,,,,,,,,,,,,,,,,,,,,,,,,,,,,,,,,,,,,,,,,,,,,,,,,,,,,,,,,,,
"        Management, business, science, and arts occupations",42.10%,±0.5,43.60%,±0.5,34.20%,±1.4,41.50%,±1.8,27.10%,±2.1,42.30%,±0.4,42.60%,±0.5,40.50%,±1.1,49.80%,±1.5,30.90%,±1.5,40.80%,±0.4,40.10%,±0.4,47.70%,±1.4,49.50%,±1.7,45.30%,±1.8,35.00%,±0.7,38.60%,±0.8,23.70%,±1.5,29.70%,±2.0,17.00%,±2.0,43.60%,±0.4,44.00%,±0.5,40.40%,±1.2,50.00%,±1.6,32.60%,±1.6,43.40%,±0.3,43.40%,±0.3,42.60%,±1.4,45.60%,±1.8,38.60%,±1.9,41.20%,±0.5,41.50%,±0.5,37.00%,±1.7,41.10%,±2.7,33.40%,±2.5
        Service occupations,16.80%,±0.4,15.80%,±0.5,22.20%,±1.2,17.90%,±1.4,26.40%,±2.0,15.10%,±0.3,14.70%,±0.3,17.00%,±0.7,13.60%,±0.9,20.50%,±1.3,15.90%,±0.3,16.10%,±0.3,13.90%,±1.0,13.70%,±1.2,14.30%,±1.5,21.60%,±0.6,18.60%,±0.7,31.20%,±1.6,29.20%,±1.8,33.60%,±2.9,15.40%,±0.3,15.20%,±0.3,16.80%,±1.0,14.10%,±1.5,19.10%,±1.5,16.30%,±0.3,15.90%,±0.3,19.90%,±1.1,19.50%,±1.6,20.40%,±1.8,14.70%,±0.4,14.40%,±0.4,18.00%,±1.6,15.70%,±2.1,20.20%,±2.5
        Sales and office occupations,20.90%,±0.4,22.20%,±0.4,14.20%,±0.9,17.20%,±1.3,11.30%,±1.4,20.40%,±0.3,21.60%,±0.4,13.50%,±0.8,16.70%,±1.2,10.10%,±0.8,19.40%,±0.3,20.10%,±0.3,12.70%,±0.9,14.90%,±1.4,9.70%,±1.2,20.70%,±0.7,22.10%,±0.8,15.90%,±1.2,18.40%,±1.5,13.10%,±1.8,18.80%,±0.4,19.90%,±0.4,11.10%,±0.8,14.80%,±1.4,8.20%,±1.0,18.40%,±0.3,19.10%,±0.3,11.90%,±0.9,13.30%,±1.2,10.10%,±1.4,18.40%,±0.3,18.80%,±0.3,12.10%,±1.1,14.30%,±1.7,10.20%,±1.4
"        Natural resources, construction, and maintenance occupations",8.90%,±0.3,7.70%,±0.3,15.00%,±1.1,8.60%,±1.2,21.20%,±1.8,8.20%,±0.2,7.10%,±0.2,14.20%,±0.8,6.00%,±0.7,22.60%,±1.4,7.90%,±0.2,7.90%,±0.2,8.00%,±0.9,6.00%,±0.9,10.70%,±1.7,8.80%,±0.4,7.80%,±0.5,12.00%,±1.0,6.60%,±1.0,18.00%,±1.9,8.60%,±0.2,7.40%,±0.2,16.90%,±0.8,5.80%,±0.8,25.90%,±1.4,7.80%,±0.2,7.80%,±0.2,7.90%,±0.8,5.10%,±0.8,11.70%,±1.4,8.70%,±0.2,8.70%,±0.2,8.30%,±1.2,5.20%,±1.2,11.20%,±1.9
"        Production, transportation, and material moving occupations",11.30%,±0.4,10.70%,±0.4,14.40%,±1.1,14.80%,±1.3,14.00%,±1.7,14.10%,±0.3,13.90%,±0.4,14.80%,±0.8,13.80%,±1.0,15.80%,±1.3,16.00%,±0.3,15.90%,±0.3,17.70%,±1.4,16.00%,±1.4,20.00%,±2.3,13.90%,±0.6,12.90%,±0.7,17.20%,±1.3,16.10%,±1.8,18.30%,±1.9,13.60%,±0.3,13.50%,±0.3,14.70%,±0.9,15.40%,±1.4,14.20%,±1.2,14.20%,±0.3,13.80%,±0.3,17.60%,±1.0,16.40%,±1.3,19.20%,±1.6,17.10%,±0.3,16.60%,±0.3,24.40%,±1.6,23.80%,±2.4,25.00%,±2.2
    INDUSTRY,,,,,,,,,,,,,,,,,,,,,,,,,,,,,,,,,,,,,,,,,,,,,,,,,,,,,,,,,,,,,,,,,,,,,,
"        Agriculture, forestry, fishing and hunting, and mining",1.20%,±0.1,1.10%,±0.1,1.60%,±0.3,0.80%,±0.4,2.30%,±0.6,1.00%,±0.1,1.00%,±0.1,1.30%,±0.3,0.50%,±0.2,2.20%,±0.4,1.20%,±0.1,1.20%,±0.1,1.10%,±0.3,0.50%,±0.2,2.00%,±0.6,1.50%,±0.2,1.70%,±0.2,0.70%,±0.3,1.00%,±0.4,0.40%,±0.2,1.00%,±0.1,0.90%,±0.1,1.50%,±0.4,0.60%,±0.2,2.30%,±0.7,1.20%,±0.1,1.20%,±0.1,1.60%,±0.4,0.50%,±0.2,3.10%,±0.8,2.00%,±0.1,1.90%,±0.1,2.90%,±0.6,1.00%,±0.5,4.70%,±1.0
        Construction,7.90%,±0.3,6.90%,±0.3,13.20%,±1.2,7.40%,±1.0,18.90%,±2.0,7.10%,±0.2,5.90%,±0.2,13.90%,±0.7,6.20%,±0.8,21.70%,±1.2,6.00%,±0.2,6.00%,±0.2,6.00%,±0.7,4.30%,±0.7,8.50%,±1.6,7.60%,±0.4,6.40%,±0.5,11.20%,±1.0,5.80%,±1.0,17.20%,±1.9,7.30%,±0.2,6.00%,±0.2,16.20%,±0.9,5.80%,±0.8,24.60%,±1.4,6.20%,±0.2,6.20%,±0.2,6.10%,±0.7,4.00%,±0.7,8.90%,±1.2,6.50%,±0.2,6.60%,±0.2,5.30%,±1.0,3.30%,±1.1,7.10%,±1.6
        Manufacturing,7.60%,±0.3,7.10%,±0.3,10.20%,±0.8,10.60%,±1.2,9.80%,±1.2,9.60%,±0.2,9.30%,±0.3,10.90%,±0.7,10.30%,±1.0,11.60%,±1.0,18.20%,±0.3,17.40%,±0.3,25.90%,±1.3,22.70%,±1.7,30.20%,±2.1,5.40%,±0.4,5.50%,±0.4,5.10%,±0.8,4.20%,±1.0,6.20%,±1.1,11.70%,±0.3,11.50%,±0.3,13.50%,±0.8,13.80%,±1.2,13.20%,±1.0,11.40%,±0.2,11.30%,±0.2,12.10%,±0.9,11.90%,±0.9,12.50%,±1.3,18.20%,±0.3,17.70%,±0.3,24.00%,±1.5,24.00%,±2.3,24.10%,±1.9
        Wholesale trade,1.80%,±0.1,1.80%,±0.2,1.80%,±0.3,1.50%,±0.5,2.10%,±0.5,2.30%,±0.1,2.20%,±0.1,2.50%,±0.3,2.10%,±0.3,2.80%,±0.5,1.90%,±0.1,1.90%,±0.1,1.70%,±0.4,1.80%,±0.5,1.60%,±0.5,1.80%,±0.2,1.90%,±0.3,1.60%,±0.4,1.20%,±0.4,2.00%,±0.7,1.90%,±0.1,1.90%,±0.1,1.60%,±0.3,1.80%,±0.4,1.40%,±0.4,2.10%,±0.1,2.10%,±0.1,2.10%,±0.4,1.70%,±0.4,2.50%,±0.7,2.10%,±0.1,2.20%,±0.1,1.30%,±0.4,1.20%,±0.6,1.40%,±0.6
        Retail trade,11.50%,±0.4,12.00%,±0.4,8.50%,±0.8,9.60%,±1.0,7.40%,±1.3,11.10%,±0.3,11.40%,±0.3,9.30%,±0.6,11.00%,±1.0,7.50%,±0.8,10.90%,±0.3,11.10%,±0.3,8.60%,±0.8,9.80%,±1.3,6.90%,±1.1,10.90%,±0.5,11.50%,±0.6,9.00%,±0.9,9.30%,±1.4,8.70%,±1.3,10.90%,±0.3,11.40%,±0.3,7.10%,±0.7,8.70%,±1.1,5.70%,±0.9,10.90%,±0.2,11.10%,±0.2,8.30%,±0.7,8.30%,±0.9,8.30%,±1.1,10.90%,±0.3,11.10%,±0.3,7.20%,±1.0,7.30%,±1.2,7.10%,±1.5
"        Transportation and warehousing, and utilities",5.80%,±0.3,5.80%,±0.3,5.90%,±0.7,6.80%,±1.0,5.00%,±1.0,7.30%,±0.2,7.50%,±0.3,6.10%,±0.6,6.80%,±0.9,5.30%,±0.8,4.70%,±0.2,4.70%,±0.2,4.90%,±0.7,5.50%,±0.9,4.10%,±1.0,8.00%,±0.5,7.90%,±0.6,8.60%,±1.1,9.50%,±1.4,7.50%,±1.4,5.40%,±0.2,5.50%,±0.2,4.40%,±0.6,6.60%,±1.1,2.50%,±0.5,6.30%,±0.2,6.00%,±0.2,8.80%,±0.7,9.30%,±0.9,8.20%,±1.0,4.90%,±0.2,4.90%,±0.2,4.90%,±0.8,5.60%,±1.4,4.30%,±1.1
        Information,1.70%,±0.1,1.80%,±0.2,1.10%,±0.3,1.10%,±0.4,1.10%,±0.5,2.20%,±0.1,2.30%,±0.1,1.60%,±0.3,2.40%,±0.5,0.80%,±0.2,1.20%,±0.1,1.30%,±0.1,0.80%,±0.2,0.60%,±0.3,1.10%,±0.4,1.60%,±0.2,1.80%,±0.2,0.80%,±0.3,0.90%,±0.5,0.70%,±0.4,1.50%,±0.1,1.60%,±0.1,1.00%,±0.2,1.30%,±0.3,0.80%,±0.3,1.60%,±0.1,1.60%,±0.1,1.40%,±0.3,1.20%,±0.3,1.70%,±0.6,1.20%,±0.1,1.20%,±0.1,1.20%,±0.5,1.80%,±0.8,0.60%,±0.5
"        Finance and insurance, and real estate and rental and leasing",8.80%,±0.3,9.30%,±0.4,5.90%,±0.7,7.90%,±1.1,3.90%,±0.7,6.50%,±0.2,6.70%,±0.2,5.20%,±0.4,7.30%,±0.8,3.00%,±0.6,5.70%,±0.2,5.90%,±0.2,4.10%,±0.6,5.10%,±0.9,2.80%,±0.6,5.80%,±0.4,6.30%,±0.4,3.90%,±0.6,4.90%,±1.0,2.80%,±0.9,7.20%,±0.2,7.30%,±0.2,6.70%,±0.6,9.20%,±1.0,4.70%,±0.8,6.20%,±0.1,6.30%,±0.2,5.40%,±0.5,6.40%,±0.7,4.00%,±0.7,6.00%,±0.2,6.20%,±0.2,3.60%,±0.7,4.60%,±1.0,2.70%,±1.1
"        Professional, scientific, and management, and administrative and waste management services",12.60%,±0.3,12.30%,±0.3,14.10%,±1.1,11.50%,±1.3,16.60%,±1.8,13.80%,±0.3,13.30%,±0.3,16.60%,±0.6,16.10%,±1.0,17.00%,±1.0,10.50%,±0.2,10.40%,±0.2,12.20%,±1.0,12.10%,±1.3,12.50%,±1.6,12.60%,±0.5,13.00%,±0.6,11.40%,±1.0,8.90%,±1.4,14.30%,±2.0,13.00%,±0.4,12.60%,±0.4,16.10%,±1.0,14.20%,±1.4,17.70%,±1.5,11.50%,±0.2,11.30%,±0.2,14.10%,±1.0,12.10%,±1.2,16.60%,±1.5,9.90%,±0.3,9.70%,±0.3,11.70%,±1.4,8.50%,±1.5,14.50%,±2.3
"        Educational services, and health care and social assistance",22.30%,±0.4,22.60%,±0.5,20.50%,±1.2,25.40%,±1.9,15.70%,±1.7,21.00%,±0.4,21.80%,±0.4,16.20%,±0.9,20.40%,±1.4,11.90%,±1.0,23.00%,±0.3,23.20%,±0.3,20.90%,±1.2,23.90%,±1.4,17.00%,±1.7,16.50%,±0.5,17.40%,±0.6,13.90%,±1.1,18.90%,±1.9,8.30%,±1.2,22.50%,±0.3,23.30%,±0.3,16.40%,±0.9,23.00%,±1.7,11.00%,±1.0,26.30%,±0.3,26.40%,±0.3,25.70%,±1.2,29.90%,±1.5,20.20%,±1.8,23.30%,±0.4,23.50%,±0.4,21.50%,±1.7,26.60%,±2.5,17.00%,±2.5
"        Arts, entertainment, and recreation, and accommodation and food services",9.50%,±0.4,9.60%,±0.4,8.50%,±0.9,7.10%,±1.0,9.80%,±1.5,8.60%,±0.3,8.70%,±0.3,8.10%,±0.6,7.20%,±1.0,8.90%,±1.0,8.70%,±0.2,8.80%,±0.2,7.50%,±0.8,6.40%,±0.9,8.90%,±1.4,20.00%,±0.6,17.80%,±0.8,27.20%,±1.5,28.00%,±1.8,26.30%,±2.5,8.70%,±0.3,8.70%,±0.3,8.50%,±0.7,6.90%,±1.1,9.70%,±0.9,7.80%,±0.2,7.80%,±0.2,7.40%,±0.8,6.90%,±0.9,8.00%,±1.3,7.20%,±0.3,7.10%,±0.3,8.80%,±1.2,7.20%,±1.4,10.30%,±1.9
        Other services (except public administration),4.60%,±0.2,4.40%,±0.2,5.80%,±0.7,5.60%,±1.0,6.00%,±1.1,4.90%,±0.2,4.60%,±0.2,6.40%,±0.5,6.40%,±0.7,6.30%,±0.8,4.50%,±0.2,4.40%,±0.2,4.70%,±0.6,5.10%,±0.9,4.00%,±0.8,4.20%,±0.3,4.00%,±0.4,4.50%,±0.7,4.50%,±1.2,4.50%,±0.8,5.00%,±0.2,4.90%,±0.2,5.10%,±0.6,4.80%,±0.7,5.40%,±0.9,4.50%,±0.1,4.50%,±0.1,5.20%,±0.6,5.10%,±0.8,5.30%,±1.0,4.20%,±0.2,4.10%,±0.2,5.20%,±1.0,6.10%,±1.5,4.30%,±1.2
        Public administration,4.80%,±0.2,5.10%,±0.2,2.90%,±0.5,4.50%,±0.9,1.40%,±0.5,4.70%,±0.2,5.20%,±0.2,2.10%,±0.3,3.20%,±0.6,0.90%,±0.2,3.60%,±0.1,3.80%,±0.2,1.40%,±0.3,2.20%,±0.5,0.40%,±0.2,4.10%,±0.3,4.70%,±0.4,2.10%,±0.4,3.10%,±0.7,1.00%,±0.6,4.10%,±0.2,4.40%,±0.2,2.00%,±0.4,3.40%,±0.8,0.90%,±0.3,3.90%,±0.1,4.10%,±0.1,1.80%,±0.3,2.60%,±0.5,0.80%,±0.3,3.60%,±0.2,3.70%,±0.2,2.30%,±0.5,2.70%,±0.8,1.90%,±0.7
"EARNINGS IN THE PAST 12 MONTHS (IN 2023 INFLATION-ADJUSTED DOLLARS) FOR FULL-TIME, YEAR-ROUND WORKERS",,,,,,,,,,,,,,,,,,,,,,,,,,,,,,,,,,,,,,,,,,,,,,,,,,,,,,,,,,,,,,,,,,,,,,
    Population 16 years and over with earnings,"2,591,674","±22,629","2,157,322","±25,324","434,352","±14,389","220,084","±10,265","214,268","±12,050","4,083,958","±25,929","3,444,551","±27,240","639,407","±13,720","331,263","±11,171","308,144","±10,243","3,402,751","±22,112","3,098,176","±21,600","304,575","±9,871","174,562","±7,836","130,013","±7,136","1,156,438","±13,217","876,295","±14,018","280,143","±9,636","148,498","±6,634","131,645","±7,656","3,965,320","±25,901","3,475,209","±25,079","490,111","±13,758","226,986","±10,185","263,125","±9,870","4,677,391","±27,526","4,206,060","±28,937","471,331","±12,272","281,444","±10,850","189,887","±9,179","2,214,478","±14,556","2,063,610","±14,302","150,868","±6,688","71,281","±4,683","79,587","±4,904"
"        $1 to $9,999 or loss",1.60%,±0.2,1.60%,±0.2,1.40%,±0.3,1.10%,±0.4,1.60%,±0.5,1.80%,±0.1,1.80%,±0.1,1.70%,±0.4,1.60%,±0.5,1.80%,±0.5,1.50%,±0.1,1.50%,±0.1,1.40%,±0.4,1.20%,±0.4,1.70%,±0.7,1.60%,±0.2,1.60%,±0.3,1.70%,±0.4,1.20%,±0.4,2.20%,±0.9,1.50%,±0.1,1.50%,±0.1,1.40%,±0.3,1.20%,±0.4,1.60%,±0.4,1.40%,±0.1,1.40%,±0.1,2.00%,±0.4,1.50%,±0.4,2.90%,±0.8,1.50%,±0.1,1.50%,±0.1,1.40%,±0.5,1.30%,±0.7,1.40%,±0.8
"        $10,000 to $14,999",1.70%,±0.2,1.70%,±0.2,2.00%,±0.5,1.60%,±0.5,2.40%,±0.7,2.30%,±0.2,2.30%,±0.2,2.00%,±0.4,1.50%,±0.4,2.60%,±0.6,1.50%,±0.1,1.40%,±0.1,1.90%,±0.5,1.40%,±0.5,2.60%,±0.8,1.90%,±0.3,1.90%,±0.3,2.10%,±0.7,1.60%,±1.0,2.70%,±1.0,1.80%,±0.1,1.70%,±0.1,2.10%,±0.4,1.90%,±0.4,2.30%,±0.6,1.60%,±0.1,1.50%,±0.1,2.40%,±0.4,2.00%,±0.6,2.90%,±0.8,1.40%,±0.1,1.40%,±0.1,1.70%,±0.6,1.30%,±0.6,2.00%,±1.0
"        $15,000 to $24,999",5.40%,±0.3,5.00%,±0.3,7.30%,±0.9,5.80%,±1.2,8.80%,±1.3,7.80%,±0.3,7.50%,±0.3,9.60%,±0.8,7.60%,±1.0,11.80%,±1.4,5.50%,±0.2,5.40%,±0.2,6.60%,±0.7,6.80%,±1.2,6.20%,±1.0,6.50%,±0.4,5.90%,±0.5,8.50%,±1.0,5.30%,±0.9,12.10%,±1.9,7.00%,±0.3,6.60%,±0.3,10.00%,±1.0,5.10%,±0.9,14.20%,±1.8,5.10%,±0.2,4.80%,±0.2,7.20%,±0.8,5.40%,±0.8,9.90%,±1.6,4.20%,±0.2,4.10%,±0.2,6.50%,±1.3,4.60%,±1.2,8.10%,±2.1
"        $25,000 to $34,999",10.70%,±0.4,9.70%,±0.4,15.90%,±1.3,11.40%,±1.2,20.50%,±2.1,12.00%,±0.3,11.60%,±0.4,13.80%,±0.8,10.40%,±1.0,17.40%,±1.3,11.40%,±0.3,11.30%,±0.3,11.80%,±1.0,9.70%,±1.3,14.70%,±1.8,12.80%,±0.7,11.30%,±0.8,17.40%,±1.4,12.40%,±1.7,23.00%,±2.3,13.10%,±0.3,12.40%,±0.3,17.80%,±1.1,11.30%,±1.4,23.50%,±1.7,10.10%,±0.3,9.90%,±0.3,11.70%,±1.0,9.60%,±1.3,14.80%,±1.7,9.90%,±0.4,9.50%,±0.4,14.40%,±1.9,10.30%,±2.0,18.10%,±2.7
"        $35,000 to $49,999",20.90%,±0.6,20.50%,±0.7,22.70%,±1.4,21.40%,±2.1,23.90%,±1.7,19.90%,±0.4,19.70%,±0.5,20.90%,±0.8,17.60%,±1.3,24.60%,±1.7,20.00%,±0.3,20.30%,±0.4,17.40%,±1.1,16.90%,±1.7,18.10%,±1.6,22.20%,±0.7,20.90%,±0.7,26.10%,±1.8,25.60%,±2.2,26.70%,±2.7,20.80%,±0.5,20.80%,±0.5,20.30%,±1.2,19.80%,±1.7,20.70%,±1.8,19.60%,±0.4,19.60%,±0.4,19.60%,±1.3,19.00%,±1.6,20.40%,±1.9,20.80%,±0.4,20.70%,±0.5,21.50%,±2.1,20.50%,±2.8,22.40%,±2.7
"        $50,000 to $74,999",25.50%,±0.6,26.00%,±0.6,22.90%,±1.4,24.10%,±1.9,21.60%,±1.9,23.90%,±0.4,24.70%,±0.5,20.00%,±1.0,23.30%,±1.4,16.40%,±1.4,25.90%,±0.4,26.50%,±0.4,19.60%,±1.4,20.00%,±1.8,19.00%,±2.0,25.00%,±0.8,25.70%,±0.9,23.00%,±1.8,25.90%,±2.4,19.70%,±2.7,24.20%,±0.5,25.10%,±0.5,18.00%,±1.0,21.60%,±1.9,14.90%,±1.2,26.30%,±0.4,26.80%,±0.4,21.20%,±1.0,22.80%,±1.3,19.00%,±1.8,30.30%,±0.5,30.80%,±0.5,24.20%,±2.1,25.30%,±2.6,23.30%,±2.8
"        $75,000 or more",34.20%,±0.6,35.40%,±0.7,27.90%,±1.6,34.60%,±2.2,21.10%,±2.2,32.40%,±0.4,32.50%,±0.4,31.90%,±1.0,38.00%,±1.6,25.40%,±1.5,34.10%,±0.4,33.40%,±0.5,41.30%,±1.7,43.90%,±2.2,37.70%,±2.2,30.00%,±0.8,32.80%,±1.0,21.20%,±1.4,28.00%,±2.1,13.60%,±1.8,31.70%,±0.5,31.90%,±0.5,30.40%,±1.3,39.00%,±2.0,22.90%,±1.5,35.90%,±0.4,35.90%,±0.4,35.80%,±1.3,39.70%,±1.6,30.10%,±2.2,31.80%,±0.5,31.90%,±0.5,30.30%,±2.3,36.60%,±2.9,24.60%,±3.2
"        Median earnings (dollars) for full-time, year-round workers",,,,,,,,,,,,,,,,,,,,,,,,,,,,,,,,,,,,,,,,,,,,,,,,,,,,,,,,,,,,,,,,,,,,,,
            Male,"61,531",±424,"63,132","±1,487","52,062",±682,"61,560","±1,850","48,735","±2,678","60,507",±334,"60,960",±378,"53,422","±2,319","66,811","±2,602","45,053","±2,362","62,426",±511,"62,256",±329,"70,444","±2,795","74,663","±4,402","61,543","±1,266","57,351","±2,393","61,449",±635,"46,972","±1,936","53,440","±2,743","40,719","±1,288","57,845","±1,040","59,826",±936,"50,848","±1,040","66,435","±2,311","41,698",±961,"64,775",±898,"65,127",±619,"61,702","±1,475","70,029","±2,946","52,335","±3,872","62,208",±314,"62,455",±666,"54,987","±3,848","62,275","±6,240","51,031","±1,104"
            Female,"51,532",±450,"52,417",±575,"43,081","±2,205","50,232","±2,091","37,029","±2,696","49,871",±689,"50,242",±359,"46,043","±1,622","52,107","±2,302","38,337","±2,275","50,990",±308,"50,919",±304,"52,132","±2,931","57,719","±4,060","45,077","±4,521","48,602","±1,607","50,756",±821,"41,894",±935,"49,322","±3,192","36,361","±1,692","50,254",±306,"50,625",±319,"43,270","±2,078","52,082","±1,377","34,084","±1,424","52,407",±381,"52,941",±767,"49,751","±2,504","51,935","±1,799","42,174","±2,770","51,518",±337,"51,732",±336,"45,676","±2,080","51,221","±2,354","41,089","±1,609"
INCOME IN THE PAST 12 MONTHS (IN 2023 INFLATION-ADJUSTED DOLLARS),,,,,,,,,,,,,,,,,,,,,,,,,,,,,,,,,,,,,,,,,,,,,,,,,,,,,,,,,,,,,,,,,,,,,,
    Households,"2,907,014","±12,227","2,468,699","±16,101","438,315","±10,086","244,601","±8,610","193,714","±8,673","4,150,138","±14,424","3,605,612","±17,793","544,526","±11,915","309,329","±10,178","235,197","±8,634","4,107,809","±11,889","3,791,077","±14,013","316,732","±8,476","200,345","±7,850","116,387","±5,693","1,224,685","±6,784","959,393","±9,836","265,292","±8,655","163,446","±6,645","101,846","±5,980","4,392,669","±15,675","3,961,236","±18,877","431,433","±10,387","218,423","±8,867","213,010","±7,319","5,324,209","±13,443","4,866,049","±17,050","458,160","±11,777","287,189","±10,282","170,971","±9,074","2,495,539","±8,832","2,361,698","±9,708","133,841","±5,198","69,934","±4,320","63,907","±4,017"
        With earnings,74.90%,±0.4,73.50%,±0.4,83.00%,±1.1,78.50%,±1.5,88.60%,±1.6,79.30%,±0.3,77.60%,±0.3,90.60%,±0.8,87.50%,±1.1,94.60%,±1.0,74.30%,±0.3,73.60%,±0.3,82.20%,±1.1,77.50%,±1.4,90.30%,±1.6,78.50%,±0.6,76.30%,±0.7,86.30%,±1.2,82.60%,±1.6,92.30%,±1.8,77.20%,±0.3,75.80%,±0.4,90.20%,±0.8,86.20%,±1.3,94.30%,±1.1,75.20%,±0.2,74.30%,±0.3,85.00%,±0.9,81.60%,±1.1,90.80%,±1.6,76.40%,±0.3,75.80%,±0.3,87.70%,±1.4,83.10%,±2.1,92.80%,±1.9
            Mean earnings (dollars),"107,562","±1,560","108,064","±1,641","105,060","±3,648","118,095","±5,301","90,471","±5,753","105,623","±1,049","104,545","±1,152","111,740","±2,722","123,893","±4,368","96,968","±3,510","97,574",±819,"96,513",±867,"108,948","±3,807","116,562","±4,908","97,695","±4,479","102,051","±1,704","104,192","±2,124","95,207","±2,989","105,653","±4,594","80,206","±3,747","99,781",±827,"99,040",±871,"105,495","±2,886","126,388","±5,658","85,913","±3,116","106,559",±806,"105,672",±886,"114,790","±3,203","127,053","±4,159","96,267","±4,765","99,892","±1,094","99,711","±1,116","102,653","±5,038","118,303","±7,894","87,311","±6,419"
        With Social Security income,33.70%,±0.3,35.40%,±0.4,24.50%,±1.1,34.00%,±1.8,12.50%,±1.5,29.40%,±0.3,31.60%,±0.3,15.30%,±0.8,22.60%,±1.3,5.70%,±0.8,34.80%,±0.3,35.80%,±0.3,23.10%,±1.3,31.00%,±1.8,9.50%,±1.5,30.60%,±0.5,32.60%,±0.6,23.50%,±1.5,32.10%,±2.1,9.80%,±1.7,31.70%,±0.3,33.60%,±0.3,14.40%,±1.0,24.20%,±1.6,4.30%,±0.8,34.90%,±0.3,36.20%,±0.3,21.00%,±0.8,28.20%,±1.2,8.80%,±1.3,32.30%,±0.3,33.20%,±0.3,16.70%,±1.5,26.00%,±2.6,6.60%,±1.6
            Mean Social Security income (dollars),"24,754",±255,"25,272",±267,"20,535",±831,"21,222",±903,"18,173","±1,643","22,588",±193,"22,763",±201,"20,193",±936,"21,030","±1,062","15,820","±1,511","24,393",±175,"24,490",±179,"22,598",±821,"22,935",±882,"20,709","±1,887","23,160",±415,"23,778",±471,"20,067",±915,"20,720",±989,"16,644","±1,887","23,592",±199,"23,648",±202,"22,376",±999,"23,260","±1,125","17,266","±1,721","24,059",±165,"24,210",±178,"21,303",±873,"21,869",±864,"18,257","±2,774","24,618",±199,"24,686",±201,"22,247","±1,661","23,263","±1,825","17,894","±2,779"
        With Supplemental Security Income,4.20%,±0.2,4.30%,±0.2,4.10%,±0.5,5.40%,±0.7,2.40%,±0.8,5.20%,±0.2,5.50%,±0.2,2.80%,±0.4,3.40%,±0.6,2.00%,±0.5,5.70%,±0.2,5.80%,±0.2,5.30%,±0.7,7.20%,±1.0,1.90%,±0.5,4.40%,±0.4,4.30%,±0.4,4.80%,±0.8,5.10%,±1.0,4.20%,±1.3,4.60%,±0.2,4.80%,±0.2,2.90%,±0.5,3.90%,±0.7,1.90%,±0.6,5.70%,±0.2,5.70%,±0.2,5.70%,±0.6,7.10%,±0.9,3.40%,±0.9,4.20%,±0.2,4.20%,±0.2,3.70%,±0.9,5.30%,±1.5,1.90%,±1.0
            Mean Supplemental Security Income (dollars),"11,481",±402,"11,602",±368,"10,769","±2,186","9,571",±788,"14,088","±7,938","10,850",±304,"10,975",±319,"9,229","±1,001","9,115","±1,179","9,483","±1,555","11,136",±215,"11,144",±224,"11,024",±858,"11,266",±930,"9,412","±1,905","10,636",±595,"10,924",±718,"9,710",±872,"8,536",±994,"12,021","±1,887","10,643",±263,"10,623",±284,"10,949","±1,189","10,697","±1,173","11,479","±2,512","10,919",±216,"10,991",±238,"10,160",±838,"10,063",±827,"10,498","±2,205","11,522",±354,"11,516",±357,"11,648","±1,991","12,082","±2,000","10,313","±4,490"
        With cash public assistance income,1.70%,±0.2,1.70%,±0.2,2.00%,±0.4,2.70%,±0.6,1.20%,±0.6,1.70%,±0.1,1.70%,±0.1,1.40%,±0.3,1.80%,±0.5,0.80%,±0.4,2.50%,±0.1,2.40%,±0.1,2.80%,±0.5,3.00%,±0.5,2.60%,±1.0,2.80%,±0.3,2.80%,±0.4,2.80%,±0.6,3.10%,±0.9,2.30%,±0.8,1.60%,±0.1,1.60%,±0.1,1.40%,±0.4,1.60%,±0.5,1.10%,±0.4,3.20%,±0.1,3.10%,±0.1,4.00%,±0.5,4.10%,±0.6,3.80%,±0.9,1.80%,±0.2,1.80%,±0.2,3.20%,±1.0,4.30%,±1.6,2.00%,±0.9
            Mean cash public assistance income (dollars),"3,300",±425,"3,415",±493,"2,770",±546,"2,517",±584,"3,476","±1,109","2,949",±343,"2,870",±333,"3,597","±1,833","2,609",±983,"6,416","±5,695","2,534",±175,"2,568",±180,"2,177",±446,"2,173",±599,"2,184",±779,"3,014",±501,"3,017",±619,"3,004",±756,"2,550",±868,"3,985","±1,472","3,432",±299,"3,484",±312,"2,875",±751,"3,771",±959,"1,530",±668,"2,622",±153,"2,590",±160,"2,885",±416,"2,492",±470,"3,602",±854,"3,462",±497,"3,158",±373,"6,433","±2,948","7,354","±3,949","4,292","±1,996"
        With retirement income,26.20%,±0.3,28.10%,±0.4,15.40%,±1.2,21.40%,±1.6,7.80%,±1.2,22.50%,±0.3,24.10%,±0.4,11.70%,±0.8,17.60%,±1.4,4.10%,±0.8,27.80%,±0.3,28.80%,±0.3,15.10%,±0.9,19.40%,±1.3,7.60%,±1.5,24.70%,±0.6,27.40%,±0.8,15.10%,±1.4,20.80%,±1.9,6.00%,±1.5,24.90%,±0.4,26.40%,±0.4,11.10%,±0.8,17.70%,±1.4,4.50%,±0.8,27.20%,±0.3,28.50%,±0.3,14.00%,±1.0,18.40%,±1.3,6.60%,±1.2,26.80%,±0.4,27.70%,±0.4,11.00%,±1.3,17.40%,±2.2,4.00%,±1.1
            Mean retirement income (dollars),"31,625",±715,"32,173",±770,"25,989","±2,113","25,629","±2,334","27,227","±4,899","29,035",±622,"29,511",±663,"22,545","±2,316","23,119","±2,675","19,278","±3,581","27,004",±473,"27,131",±471,"24,093","±2,280","25,374","±2,417","18,489","±4,244","34,775","±1,406","35,770","±1,385","28,275","±4,783","30,326","±5,524","16,926","±2,901","28,207",±651,"28,224",±680,"27,840","±2,368","29,976","±2,770","19,180","±5,231","27,442",±541,"27,503",±546,"26,130","±2,876","27,745","±3,250","18,533","±3,996","28,255",±688,"28,334",±710,"24,735","±3,262","26,324","±3,682","17,166","±6,518"
        With Food Stamp/SNAP benefits,10.10%,±0.4,9.50%,±0.4,13.80%,±1.2,13.40%,±1.5,14.20%,±1.8,12.40%,±0.3,12.90%,±0.3,8.90%,±0.8,7.90%,±0.9,10.20%,±1.2,14.00%,±0.3,13.80%,±0.3,15.80%,±1.2,18.20%,±1.5,11.80%,±1.7,13.10%,±0.6,12.60%,±0.7,14.60%,±1.2,13.90%,±1.8,15.70%,±2.0,12.60%,±0.3,12.70%,±0.3,11.90%,±1.0,9.70%,±1.2,14.10%,±1.6,14.90%,±0.3,14.50%,±0.3,19.40%,±1.2,19.20%,±1.4,19.70%,±2.2,11.40%,±0.4,11.20%,±0.4,15.90%,±1.7,14.80%,±2.4,17.20%,±2.7
        Median Household income (dollars),"77,315",±931,"78,124","±1,141","73,361","±2,184","81,347","±2,452","62,468","±4,649","74,632",±833,"73,517",±889,"81,339","±1,832","90,642","±3,136","70,585","±3,416","69,183",±694,"68,753",±708,"74,353","±2,681","74,739","±3,096","73,698","±4,527","76,364","±1,451","77,994","±1,761","70,748","±2,723","80,422","±5,186","60,717","±2,052","70,804",±547,"70,520",±552,"73,463","±2,719","88,830","±4,430","60,814","±2,147","73,824",±511,"73,674",±545,"75,542","±2,180","81,073","±2,517","65,567","±4,026","74,631",±774,"74,797",±770,"71,070","±4,560","83,380","±6,517","60,558","±5,083"
        Average number of workers per household,1.18,±0.01,1.14,±0.01,1.43,±0.03,1.35,±0.04,1.52,±0.05,1.26,±0.01,1.22,±0.01,1.56,±0.03,1.53,±0.04,1.6,±0.04,1.14,±0.01,1.13,±0.01,1.33,±0.03,1.3,±0.03,1.38,±0.05,1.26,±0.01,1.18,±0.01,1.54,±0.04,1.45,±0.05,1.69,±0.07,1.18,±0.01,1.14,±0.01,1.49,±0.03,1.42,±0.04,1.57,±0.04,1.17,±0.01,1.15,±0.01,1.37,±0.03,1.34,±0.03,1.4,±0.05,1.2,±0.01,1.18,±0.01,1.49,±0.05,1.46,±0.07,1.51,±0.07
POVERTY STATUS IN THE PAST 12 MONTHS,,,,,,,,,,,,,,,,,,,,,,,,,,,,,,,,,,,,,,,,,,,,,,,,,,,,,,,,,,,,,,,,,,,,,,
    Population for whom poverty status is determined,"7,274,129","±4,225","6,303,340","±24,041","970,789","±23,240","470,639","±15,629","500,150","±21,119","10,765,238","±4,549","9,502,935","±25,366","1,262,303","±24,104","620,864","±15,687","641,439","±21,065","9,827,315","±3,935","9,098,904","±19,325","728,411","±19,389","415,783","±13,802","312,628","±14,055","3,154,850","±2,511","2,544,207","±15,003","610,643","±14,743","328,590","±11,985","282,053","±11,105","10,549,944","±4,174","9,570,162","±21,484","979,782","±22,186","428,552","±14,837","551,230","±18,499","12,535,767","±4,423","11,524,091","±24,366","1,011,676","±23,848","561,916","±15,584","449,760","±20,456","5,781,514","±2,329","5,478,559","±10,287","302,955","±10,407","144,709","±7,107","158,246","±8,687"
        Below 100 percent of the poverty level,12.40%,±0.4,12.00%,±0.4,15.40%,±1.2,10.20%,±1.1,20.30%,±2.1,13.60%,±0.4,13.60%,±0.4,13.20%,±0.9,8.70%,±0.8,17.60%,±1.6,13.50%,±0.3,13.20%,±0.3,17.20%,±1.6,14.50%,±1.3,20.80%,±2.7,12.00%,±0.7,12.00%,±0.7,12.00%,±1.1,9.10%,±1.1,15.20%,±1.9,12.80%,±0.4,12.70%,±0.4,13.60%,±1.1,8.70%,±1.0,17.50%,±1.8,12.00%,±0.3,11.70%,±0.3,15.40%,±1.0,10.80%,±1.0,21.20%,±2.0,10.70%,±0.3,10.50%,±0.3,14.60%,±1.5,10.10%,±1.7,18.70%,±2.5
        100 to 199 percent of the poverty level,16.30%,±0.5,15.70%,±0.5,20.40%,±1.2,16.30%,±1.2,24.30%,±2.0,16.80%,±0.4,16.50%,±0.4,19.20%,±1.1,14.60%,±1.3,23.60%,±1.7,15.90%,±0.4,15.70%,±0.4,17.70%,±1.2,18.30%,±1.4,16.90%,±1.9,17.70%,±0.7,17.00%,±0.8,20.30%,±1.5,16.30%,±1.7,25.10%,±2.4,17.20%,±0.4,16.80%,±0.4,21.50%,±1.3,15.70%,±1.7,26.10%,±1.8,15.30%,±0.3,15.10%,±0.3,17.40%,±1.2,15.30%,±1.2,20.00%,±1.9,14.40%,±0.4,14.20%,±0.4,19.20%,±1.7,14.00%,±1.8,24.00%,±2.7
        At or above 200 percent of the poverty level,71.20%,±0.6,72.30%,±0.6,64.20%,±1.7,73.50%,±1.7,55.40%,±2.7,69.60%,±0.5,69.90%,±0.5,67.60%,±1.3,76.70%,±1.5,58.80%,±2.1,70.60%,±0.4,71.10%,±0.4,65.10%,±1.7,67.10%,±1.9,62.40%,±2.6,70.30%,±0.9,71.00%,±1.0,67.70%,±1.7,74.60%,±2.2,59.70%,±2.4,70.00%,±0.4,70.50%,±0.4,64.80%,±1.6,75.60%,±1.8,56.50%,±2.1,72.80%,±0.4,73.30%,±0.4,67.20%,±1.4,74.00%,±1.5,58.80%,±2.3,74.90%,±0.5,75.40%,±0.5,66.20%,±2.0,75.90%,±2.3,57.30%,±3.3
    POVERTY RATES FOR FAMILIES FOR WHOM POVERTY STATUS IS DETERMINED,,,,,,,,,,,,,,,,,,,,,,,,,,,,,,,,,,,,,,,,,,,,,,,,,,,,,,,,,,,,,,,,,,,,,,
        All families,8.70%,±0.4,7.50%,±0.5,14.30%,±1.2,9.40%,±1.3,20.40%,±2.2,9.80%,±0.3,9.50%,±0.4,11.60%,±1.0,7.90%,±1.1,16.30%,±2.0,9.20%,±0.3,8.60%,±0.3,14.40%,±1.4,13.70%,±1.5,15.60%,±2.5,8.60%,±0.7,8.00%,±0.8,10.30%,±1.4,7.20%,±1.4,15.10%,±2.9,9.10%,±0.4,8.50%,±0.4,13.20%,±1.2,7.90%,±1.2,18.50%,±2.1,8.30%,±0.3,7.70%,±0.3,13.80%,±1.4,9.60%,±1.6,21.20%,±2.7,6.60%,±0.3,6.30%,±0.3,11.30%,±2.0,7.90%,±2.4,15.10%,±3.1
            With related children of the householder under 18 years,12.80%,±0.8,10.90%,±0.9,19.10%,±1.8,12.80%,±2.3,24.90%,±2.9,15.10%,±0.6,15.00%,±0.7,15.30%,±1.5,10.10%,±1.7,20.30%,±2.8,14.40%,±0.6,14.00%,±0.5,17.50%,±2.3,15.80%,±2.4,19.90%,±3.7,13.20%,±1.3,12.80%,±1.5,14.20%,±2.3,8.20%,±2.4,20.60%,±4.3,14.60%,±0.7,14.00%,±0.7,17.90%,±1.8,11.10%,±2.3,22.90%,±2.7,13.30%,±0.6,12.70%,±0.6,17.20%,±1.9,11.70%,±2.2,24.60%,±3.5,10.80%,±0.6,10.40%,±0.6,14.50%,±2.8,10.50%,±3.9,17.90%,±3.8
            With related children of the householder under 5 years only,11.10%,±2.1,10.10%,±2.0,15.00%,±5.6,13.90%,±7.9,16.00%,±7.6,13.50%,±1.7,14.30%,±1.8,9.00%,±3.3,5.10%,±3.2,12.10%,±5.1,12.00%,±1.4,12.20%,±1.5,10.80%,±4.3,16.70%,±7.2,5.20%,±4.9,13.20%,±3.1,13.00%,±3.8,13.90%,±5.4,7.20%,±7.2,21.60%,±9.5,12.00%,±1.3,12.30%,±1.4,10.10%,±3.9,5.90%,±5.7,13.00%,±5.0,12.00%,±1.2,11.70%,±1.3,14.20%,±3.8,7.80%,±3.4,21.70%,±7.4,10.50%,±1.7,10.20%,±1.7,14.00%,±6.8,N,N,19.60%,±10.7
        Married-couple family,5.10%,±0.4,4.10%,±0.4,9.80%,±1.1,6.80%,±1.2,14.10%,±2.3,4.90%,±0.3,4.10%,±0.3,9.20%,±1.2,5.50%,±1.0,14.10%,±2.3,4.70%,±0.3,3.80%,±0.2,13.00%,±1.5,13.60%,±1.7,11.80%,±2.8,4.80%,±0.6,3.90%,±0.6,7.70%,±1.4,5.80%,±1.6,11.10%,±3.1,4.70%,±0.2,4.10%,±0.2,9.50%,±1.1,6.60%,±1.3,12.80%,±2.0,4.10%,±0.2,3.40%,±0.2,10.30%,±1.5,7.90%,±1.6,15.40%,±3.2,3.30%,±0.2,3.00%,±0.2,8.30%,±2.0,6.20%,±2.2,11.10%,±3.4
            With related children of the householder under 18 years,6.10%,±0.8,4.40%,±0.8,11.70%,±2.0,8.20%,±2.2,15.40%,±3.5,6.40%,±0.6,5.00%,±0.6,11.20%,±1.8,5.50%,±1.4,17.10%,±3.1,5.80%,±0.5,4.40%,±0.4,14.60%,±2.3,14.70%,±2.6,14.40%,±4.0,5.80%,±1.0,4.00%,±1.0,9.90%,±2.4,5.30%,±2.3,15.30%,±5.0,6.30%,±0.5,5.00%,±0.6,12.20%,±1.6,8.20%,±2.5,15.40%,±2.6,4.80%,±0.5,3.70%,±0.4,11.50%,±2.2,8.70%,±2.3,15.90%,±3.8,3.70%,±0.4,3.00%,±0.4,10.10%,±2.8,7.10%,±3.4,13.00%,±4.3
            With related children of the householder under 5 years only,5.10%,±1.7,3.60%,±1.5,10.60%,±5.2,12.50%,±8.3,8.90%,±5.7,3.80%,±1.3,3.20%,±1.5,6.20%,±2.9,1.90%,±1.5,9.60%,±4.8,2.90%,±0.8,1.80%,±0.6,10.70%,±4.8,16.40%,±8.2,5.60%,±5.1,4.50%,±1.8,3.40%,±2.1,8.50%,±6.0,N,N,19.30%,±15.5,3.80%,±0.9,3.50%,±0.9,6.30%,±3.0,3.20%,±3.0,8.50%,±4.6,3.90%,±0.9,3.30%,±0.9,8.40%,±3.7,6.00%,±3.4,11.50%,±6.7,2.60%,±0.8,2.10%,±0.8,9.40%,±6.0,N,N,14.80%,±9.7
"        Female householder, no spouse present, family",21.40%,±1.5,19.50%,±1.6,29.20%,±3.8,20.10%,±4.7,38.70%,±5.9,24.60%,±1.1,24.50%,±1.1,25.50%,±3.1,18.90%,±4.0,34.40%,±6.2,25.10%,±1.2,25.10%,±1.1,24.90%,±5.6,16.20%,±5.4,42.90%,±10.5,20.40%,±2.3,20.70%,±2.6,19.40%,±3.9,12.00%,±3.5,31.30%,±8.7,24.10%,±1.2,23.50%,±1.2,29.00%,±4.0,14.00%,±5.1,41.90%,±5.1,24.10%,±1.1,23.80%,±1.1,26.10%,±4.1,16.80%,±4.6,39.70%,±6.9,22.40%,±1.4,22.50%,±1.5,20.30%,±6.6,16.40%,±10.3,23.20%,±8.9
            With related children of the householder under 18 years,28.30%,±2.2,25.50%,±2.3,38.50%,±4.4,30.20%,±6.9,44.70%,±6.6,34.00%,±1.4,33.70%,±1.6,35.70%,±4.7,29.40%,±6.9,41.80%,±7.4,35.10%,±1.7,35.00%,±1.7,38.00%,±8.7,28.50%,±11.0,48.80%,±13.2,29.40%,±3.3,29.70%,±3.8,28.70%,±6.1,17.40%,±6.5,41.00%,±11.4,34.40%,±1.7,33.80%,±1.8,39.50%,±4.9,22.60%,±8.0,49.70%,±5.9,33.30%,±1.6,33.20%,±1.7,34.10%,±5.5,22.00%,±6.6,47.10%,±8.3,30.60%,±2.0,31.00%,±2.0,25.90%,±8.7,22.80%,±16.5,27.50%,±11.1
            With related children of the householder under 5 years only,27.00%,±6.2,27.20%,±6.3,26.00%,±16.4,25.00%,±21.2,26.90%,±24.9,37.70%,±4.4,37.30%,±4.4,43.00%,±19.6,33.60%,±26.5,52.60%,±26.4,37.50%,±4.6,37.90%,±4.7,19.00%,±18.7,28.80%,±27.5,N,N,34.20%,±8.7,35.30%,±11.0,31.20%,±18.3,N,N,31.10%,±22.6,40.30%,±4.3,41.10%,±4.3,32.80%,±17.3,N,N,43.60%,±23.3,34.40%,±4.9,34.50%,±5.2,33.50%,±12.1,16.80%,±12.6,56.30%,±21.4,36.20%,±5.5,35.80%,±5.5,48.70%,±38.3,N,N,88.10%,±25.6
Occupied housing units,"2,907,014","±12,227","2,468,699","±16,101","438,315","±10,086","244,601","±8,610","193,714","±8,673","4,150,138","±14,424","3,605,612","±17,793","544,526","±11,915","309,329","±10,178","235,197","±8,634","4,107,809","±11,889","3,791,077","±14,013","316,732","±8,476","200,345","±7,850","116,387","±5,693","1,224,685","±6,784","959,393","±9,836","265,292","±8,655","163,446","±6,645","101,846","±5,980","4,392,669","±15,675","3,961,236","±18,877","431,433","±10,387","218,423","±8,867","213,010","±7,319","5,324,209","±13,443","4,866,049","±17,050","458,160","±11,777","287,189","±10,282","170,971","±9,074","2,495,539","±8,832","2,361,698","±9,708","133,841","±5,198","69,934","±4,320","63,907","±4,017"
    HOUSING TENURE,,,,,,,,,,,,,,,,,,,,,,,,,,,,,,,,,,,,,,,,,,,,,,,,,,,,,,,,,,,,,,,,,,,,,,
        Owner-occupied housing units,67.70%,±0.5,68.40%,±0.5,63.80%,±1.4,77.20%,±1.8,46.90%,±2.4,66.10%,±0.4,66.50%,±0.5,63.30%,±1.3,76.80%,±1.5,45.50%,±2.1,73.70%,±0.4,74.30%,±0.4,66.50%,±1.6,78.40%,±1.8,45.90%,±2.7,60.40%,±0.8,60.60%,±1.0,59.80%,±1.8,71.90%,±2.0,40.30%,±2.7,66.30%,±0.4,67.20%,±0.4,58.60%,±1.6,74.90%,±2.1,41.90%,±2.0,69.50%,±0.3,70.50%,±0.3,58.40%,±1.4,70.70%,±1.9,37.70%,±2.2,67.90%,±0.5,68.60%,±0.5,56.50%,±2.5,71.30%,±3.3,40.30%,±3.7
        Renter-occupied housing units,32.30%,±0.5,31.60%,±0.5,36.20%,±1.4,22.80%,±1.8,53.10%,±2.4,33.90%,±0.4,33.50%,±0.5,36.70%,±1.3,23.20%,±1.5,54.50%,±2.1,26.30%,±0.4,25.70%,±0.4,33.50%,±1.6,21.60%,±1.8,54.10%,±2.7,39.60%,±0.8,39.40%,±1.0,40.20%,±1.8,28.10%,±2.0,59.70%,±2.7,33.70%,±0.4,32.80%,±0.4,41.40%,±1.6,25.10%,±2.1,58.10%,±2.0,30.50%,±0.3,29.50%,±0.3,41.60%,±1.4,29.30%,±1.9,62.30%,±2.2,32.10%,±0.5,31.40%,±0.5,43.50%,±2.5,28.70%,±3.3,59.70%,±3.7
        Average household size of owner-occupied unit,2.57,±0.02,2.48,±0.02,3.13,±0.06,2.97,±0.07,3.45,±0.12,2.71,±0.01,2.62,±0.01,3.35,±0.06,3.2,±0.07,3.69,±0.12,2.52,±0.01,2.47,±0.01,3.11,±0.07,3.07,±0.08,3.25,±0.13,2.65,±0.03,2.51,±0.03,3.18,±0.09,3.06,±0.11,3.53,±0.19,2.51,±0.01,2.44,±0.01,3.21,±0.06,3.03,±0.08,3.53,±0.13,2.5,±0.01,2.46,±0.01,3.05,±0.07,3,±0.07,3.23,±0.14,2.49,±0.01,2.45,±0.01,3.29,±0.12,3.13,±0.14,3.62,±0.17
        Average household size of renter-occupied unit,2.34,±0.03,2.21,±0.03,2.99,±0.10,2.66,±0.15,3.17,±0.14,2.37,±0.02,2.27,±0.03,2.97,±0.08,2.59,±0.14,3.19,±0.10,2.04,±0.02,1.99,±0.02,2.54,±0.10,2.36,±0.15,2.67,±0.13,2.47,±0.03,2.3,±0.04,3.08,±0.11,2.69,±0.16,3.37,±0.16,2.19,±0.02,2.08,±0.02,3.02,±0.09,2.42,±0.14,3.29,±0.11,2.02,±0.02,1.94,±0.02,2.57,±0.09,2.37,±0.11,2.73,±0.11,1.94,±0.02,1.89,±0.02,2.54,±0.14,2.2,±0.22,2.72,±0.17
    ROOMS,,,,,,,,,,,,,,,,,,,,,,,,,,,,,,,,,,,,,,,,,,,,,,,,,,,,,,,,,,,,,,,,,,,,,,
        1 room,2.70%,±0.2,2.60%,±0.2,3.20%,±0.6,2.10%,±0.6,4.60%,±1.1,1.50%,±0.1,1.40%,±0.1,2.00%,±0.4,1.50%,±0.5,2.70%,±0.8,1.10%,±0.1,1.00%,±0.1,1.80%,±0.4,1.40%,±0.4,2.50%,±0.8,2.90%,±0.3,2.70%,±0.4,3.60%,±0.7,2.70%,±0.8,5.00%,±1.4,1.50%,±0.1,1.50%,±0.1,1.80%,±0.4,1.30%,±0.6,2.20%,±0.6,1.70%,±0.1,1.60%,±0.1,3.60%,±0.5,2.40%,±0.6,5.50%,±1.0,1.60%,±0.1,1.40%,±0.2,4.00%,±0.9,3.40%,±1.0,4.80%,±1.5
        2 or 3 rooms,12.60%,±0.4,12.00%,±0.5,15.90%,±1.1,11.70%,±1.5,21.30%,±1.9,8.40%,±0.3,8.20%,±0.3,9.60%,±0.8,7.70%,±1.1,12.20%,±1.5,8.30%,±0.2,7.90%,±0.2,12.40%,±1.1,8.80%,±1.0,18.70%,±2.1,12.60%,±0.6,12.30%,±0.7,13.70%,±1.3,12.00%,±1.5,16.30%,±2.7,9.00%,±0.3,8.70%,±0.3,11.60%,±1.0,8.80%,±1.4,14.40%,±1.5,9.20%,±0.2,8.60%,±0.3,14.80%,±1.1,11.60%,±1.4,20.00%,±2.0,10.70%,±0.3,10.50%,±0.3,14.30%,±1.6,10.50%,±2.0,18.50%,±2.9
        4 or 5 rooms,36.10%,±0.5,35.50%,±0.6,39.40%,±1.5,37.20%,±1.8,42.20%,±2.3,30.60%,±0.4,30.00%,±0.4,34.40%,±1.1,27.70%,±1.6,43.30%,±2.0,31.30%,±0.4,31.20%,±0.4,33.40%,±1.5,28.90%,±1.9,41.20%,±2.6,36.90%,±0.9,35.60%,±1.1,41.60%,±1.8,37.90%,±2.2,47.60%,±3.6,34.90%,±0.4,34.30%,±0.5,40.20%,±1.5,30.40%,±2.1,50.30%,±2.0,27.00%,±0.3,26.60%,±0.3,32.10%,±1.5,30.10%,±1.7,35.40%,±2.6,33.80%,±0.5,33.40%,±0.5,40.50%,±2.6,34.20%,±3.4,47.40%,±3.9
        6 or 7 rooms,30.70%,±0.5,31.20%,±0.5,27.90%,±1.2,31.60%,±1.7,23.20%,±2.2,31.30%,±0.4,31.90%,±0.5,27.80%,±1.0,28.30%,±1.3,27.00%,±1.6,33.20%,±0.4,33.50%,±0.4,29.60%,±1.4,33.40%,±2.0,23.10%,±2.3,30.60%,±0.7,31.40%,±0.9,27.80%,±1.4,30.10%,±2.0,23.90%,±2.6,31.20%,±0.4,31.60%,±0.4,27.80%,±1.4,32.10%,±2.2,23.40%,±1.8,34.50%,±0.3,35.00%,±0.3,29.30%,±1.3,31.10%,±1.6,26.40%,±2.3,29.70%,±0.4,30.00%,±0.4,23.10%,±1.9,27.80%,±2.7,18.00%,±3.0
        8 or more rooms,17.90%,±0.4,18.60%,±0.4,13.60%,±1.0,17.40%,±1.6,8.60%,±1.3,28.20%,±0.4,28.50%,±0.4,26.20%,±1.0,34.80%,±1.6,14.80%,±1.3,26.10%,±0.3,26.40%,±0.3,22.80%,±1.3,27.50%,±1.6,14.60%,±1.6,17.00%,±0.6,18.00%,±0.7,13.30%,±1.2,17.20%,±1.7,7.10%,±1.7,23.30%,±0.3,23.80%,±0.4,18.60%,±1.2,27.30%,±1.8,9.70%,±1.1,27.60%,±0.3,28.30%,±0.3,20.20%,±1.0,24.80%,±1.4,12.60%,±1.3,24.30%,±0.3,24.60%,±0.3,18.00%,±1.6,24.10%,±2.4,11.40%,±2.1
    Median number of rooms,5.4,±0.1,5.5,±0.1,5.1,±0.1,5.5,±0.2,4.6,±0.2,6,±0.1,6.1,±0.1,5.7,±0.2,6.3,±0.2,5.2,±0.2,6,±0.1,6,±0.1,5.6,±0.2,6.1,±0.1,4.8,±0.1,5.4,±0.1,5.5,±0.1,5.1,±0.1,5.4,±0.2,4.7,±0.2,5.7,±0.2,5.8,±0.1,5.3,±0.2,6,±0.1,4.9,±0.1,6.1,±0.1,6.1,±0.2,5.5,±0.1,5.8,±0.1,4.9,±0.2,5.7,±0.1,5.8,±0.1,5.1,±0.2,5.6,±0.2,4.5,±0.2
    1.01 or more occupants per room,4.40%,±0.2,3.20%,±0.2,11.60%,±0.9,7.40%,±1.0,16.80%,±1.6,2.50%,±0.1,1.80%,±0.1,7.30%,±0.7,4.20%,±0.7,11.30%,±1.3,1.60%,±0.1,1.20%,±0.1,6.60%,±0.8,5.10%,±1.0,9.00%,±1.5,4.60%,±0.3,3.10%,±0.3,9.80%,±1.0,6.30%,±1.0,15.40%,±2.0,2.20%,±0.2,1.50%,±0.1,8.00%,±0.9,4.50%,±1.0,11.60%,±1.4,1.80%,±0.1,1.20%,±0.1,7.60%,±0.9,5.60%,±0.9,11.10%,±1.9,1.70%,±0.1,1.20%,±0.1,9.20%,±1.3,6.60%,±2.0,12.10%,±2.1
    VEHICLES AVAILABLE,,,,,,,,,,,,,,,,,,,,,,,,,,,,,,,,,,,,,,,,,,,,,,,,,,,,,,,,,,,,,,,,,,,,,,
        None,5.60%,±0.2,5.50%,±0.2,6.20%,±0.9,5.20%,±1.1,7.50%,±1.4,5.90%,±0.2,5.80%,±0.3,5.90%,±0.7,4.20%,±0.8,8.20%,±1.2,7.10%,±0.2,7.00%,±0.3,7.50%,±0.9,6.30%,±1.0,9.70%,±1.5,7.30%,±0.4,7.50%,±0.5,6.60%,±0.8,5.40%,±1.1,8.40%,±1.4,5.50%,±0.2,5.50%,±0.2,5.60%,±0.7,4.50%,±0.9,6.70%,±1.1,10.60%,±0.2,10.30%,±0.3,13.80%,±1.1,9.90%,±1.2,20.30%,±2.1,6.50%,±0.3,6.40%,±0.3,9.20%,±1.4,6.80%,±1.8,11.80%,±2.4
        1 or more,94.40%,±0.2,94.50%,±0.2,93.80%,±0.9,94.80%,±1.1,92.50%,±1.4,94.10%,±0.2,94.20%,±0.3,94.10%,±0.7,95.80%,±0.8,91.80%,±1.2,92.90%,±0.2,93.00%,±0.3,92.50%,±0.9,93.70%,±1.0,90.30%,±1.5,92.70%,±0.4,92.50%,±0.5,93.40%,±0.8,94.60%,±1.1,91.60%,±1.4,94.50%,±0.2,94.50%,±0.2,94.40%,±0.7,95.50%,±0.9,93.30%,±1.1,89.40%,±0.2,89.70%,±0.3,86.20%,±1.1,90.10%,±1.2,79.70%,±2.1,93.50%,±0.3,93.60%,±0.3,90.80%,±1.4,93.20%,±1.8,88.20%,±2.4
    SELECTED CHARACTERISTICS,,,,,,,,,,,,,,,,,,,,,,,,,,,,,,,,,,,,,,,,,,,,,,,,,,,,,,,,,,,,,,,,,,,,,,
        No telephone service available,1.00%,±0.1,0.80%,±0.1,2.10%,±0.6,1.30%,±0.6,3.10%,±1.0,0.80%,±0.1,0.80%,±0.1,1.10%,±0.3,0.90%,±0.4,1.50%,±0.5,0.80%,±0.1,0.80%,±0.1,0.90%,±0.3,0.80%,±0.3,1.20%,±0.5,1.00%,±0.2,0.90%,±0.2,1.50%,±0.5,1.20%,±0.6,2.00%,±0.9,0.90%,±0.1,0.90%,±0.1,1.20%,±0.3,0.90%,±0.5,1.50%,±0.6,1.00%,±0.1,1.00%,±0.1,1.10%,±0.3,0.80%,±0.3,1.60%,±0.6,0.80%,±0.1,0.80%,±0.1,1.50%,±0.6,0.80%,±0.5,2.20%,±1.1
        Limited English Speaking Households,3.40%,±0.2,0.80%,±0.1,17.60%,±1.0,14.80%,±1.4,21.00%,±2.1,2.80%,±0.2,0.30%,±0.1,19.60%,±1.1,12.10%,±1.1,29.50%,±1.9,2.00%,±0.1,0.20%,±0.1,23.50%,±1.3,20.80%,±1.6,28.20%,±2.6,5.30%,±0.4,0.80%,±0.2,21.40%,±1.4,16.50%,±1.5,29.20%,±3.3,2.50%,±0.1,0.30%,±0.1,22.40%,±1.4,13.60%,±1.6,31.40%,±2.1,2.90%,±0.1,0.90%,±0.1,24.40%,±1.1,20.60%,±1.3,30.90%,±2.5,1.50%,±0.1,0.40%,±0.1,20.70%,±1.9,15.00%,±2.6,26.90%,±3.3
Owner-occupied housing units,"1,967,704","±15,781","1,688,009","±16,719","279,695","±7,645","188,807","±6,741","90,888","±6,398","2,742,232","±20,684","2,397,778","±20,504","344,454","±10,223","237,523","±8,985","106,931","±5,974","3,028,591","±16,671","2,818,068","±16,656","210,523","±6,563","157,141","±6,538","53,382","±3,432","740,187","±10,490","581,610","±9,595","158,577","±6,788","117,563","±5,944","41,014","±3,693","2,913,467","±21,691","2,660,476","±20,450","252,991","±9,815","163,641","±7,790","89,350","±5,861","3,697,771","±19,135","3,430,367","±18,839","267,404","±8,171","202,950","±8,252","64,454","±4,695","1,694,748","±13,861","1,619,103","±13,226","75,645","±4,218","49,893","±3,560","25,752","±2,669"
    SELECTED MONTHLY OWNER COSTS AS A PERCENTAGE OF HOUSEHOLD INCOME IN THE PAST 12 MONTHS,,,,,,,,,,,,,,,,,,,,,,,,,,,,,,,,,,,,,,,,,,,,,,,,,,,,,,,,,,,,,,,,,,,,,,
        Less than 30 percent,78.30%,±0.5,78.50%,±0.5,77.70%,±1.9,78.40%,±1.8,76.20%,±3.7,78.60%,±0.5,79.00%,±0.5,75.40%,±1.2,75.50%,±1.4,75.10%,±2.1,79.70%,±0.4,80.20%,±0.4,72.80%,±1.7,71.90%,±1.9,75.60%,±3.4,75.80%,±0.9,75.70%,±1.0,76.00%,±2.3,75.60%,±2.6,77.10%,±4.2,80.50%,±0.4,80.80%,±0.4,76.90%,±1.6,76.50%,±1.8,77.70%,±2.9,79.50%,±0.4,79.90%,±0.4,74.10%,±1.7,73.80%,±1.9,75.10%,±3.3,80.70%,±0.3,80.90%,±0.3,78.00%,±2.7,78.80%,±2.9,76.30%,±5.6
        30 percent or more,21.70%,±0.5,21.50%,±0.5,22.30%,±1.9,21.60%,±1.8,23.80%,±3.7,21.40%,±0.5,21.00%,±0.5,24.60%,±1.2,24.50%,±1.4,24.90%,±2.1,20.30%,±0.4,19.80%,±0.4,27.20%,±1.7,28.10%,±1.9,24.40%,±3.4,24.20%,±0.9,24.30%,±1.0,24.00%,±2.3,24.40%,±2.6,22.90%,±4.2,19.50%,±0.4,19.20%,±0.4,23.10%,±1.6,23.50%,±1.8,22.30%,±2.9,20.50%,±0.4,20.10%,±0.4,25.90%,±1.7,26.20%,±1.9,24.90%,±3.3,19.30%,±0.3,19.10%,±0.3,22.00%,±2.7,21.20%,±2.9,23.70%,±5.6
Renter-occupied housing units,"939,310","±13,797","780,690","±14,555","158,620","±8,101","55,794","±5,262","102,826","±6,205","1,407,906","±18,599","1,207,834","±17,185","200,072","±8,640","71,806","±5,190","128,266","±7,015","1,079,218","±15,394","973,009","±14,795","106,209","±6,349","43,204","±4,363","63,005","±5,058","484,498","±10,930","377,783","±10,766","106,715","±5,941","45,883","±3,764","60,832","±4,410","1,479,202","±16,983","1,300,760","±16,926","178,442","±7,537","54,782","±5,189","123,660","±5,356","1,626,438","±15,809","1,435,682","±17,297","190,756","±9,186","84,239","±6,709","106,517","±7,327","800,791","±12,093","742,595","±11,013","58,196","±4,322","20,041","±2,760","38,155","±3,544"
    GROSS RENT AS A PERCENTAGE OF HOUSEHOLD INCOME IN THE PAST 12 MONTHS,,,,,,,,,,,,,,,,,,,,,,,,,,,,,,,,,,,,,,,,,,,,,,,,,,,,,,,,,,,,,,,,,,,,,,
        Less than 30 percent,49.40%,±1.1,48.70%,±1.2,53.00%,±2.8,53.70%,±4.5,52.60%,±3.8,50.60%,±1.0,50.90%,±1.0,48.60%,±2.5,46.10%,±4.1,49.90%,±3.5,53.00%,±1.0,52.50%,±1.0,58.10%,±3.0,57.50%,±4.5,58.50%,±3.7,46.00%,±1.5,45.50%,±1.7,47.80%,±3.4,49.20%,±5.0,46.80%,±4.4,55.20%,±0.9,55.00%,±1.0,56.10%,±2.1,56.30%,±4.5,56.00%,±2.7,54.50%,±0.8,54.40%,±0.8,55.30%,±2.6,57.80%,±3.5,53.30%,±3.8,58.60%,±1.0,58.40%,±1.0,61.00%,±4.3,66.20%,±6.4,58.20%,±5.3
        30 percent or more,50.60%,±1.1,51.30%,±1.2,47.00%,±2.8,46.30%,±4.5,47.40%,±3.8,49.40%,±1.0,49.10%,±1.0,51.40%,±2.5,53.90%,±4.1,50.10%,±3.5,47.00%,±1.0,47.50%,±1.0,41.90%,±3.0,42.50%,±4.5,41.50%,±3.7,54.00%,±1.5,54.50%,±1.7,52.20%,±3.4,50.80%,±5.0,53.20%,±4.4,44.80%,±0.9,45.00%,±1.0,43.90%,±2.1,43.70%,±4.5,44.00%,±2.7,45.50%,±0.8,45.60%,±0.8,44.70%,±2.6,42.20%,±3.5,46.70%,±3.8,41.40%,±1.0,41.60%,±1.0,39.00%,±4.3,33.80%,±6.4,41.80%,±5.3
